-- phpMyAdmin SQL Dump
-- version 5.2.0
-- https://www.phpmyadmin.net/
--
-- Servidor: 127.0.0.1
-- Tiempo de generación: 26-03-2024 a las 13:28:26
-- Versión del servidor: 10.4.25-MariaDB
-- Versión de PHP: 8.1.10

SET SQL_MODE = "NO_AUTO_VALUE_ON_ZERO";
START TRANSACTION;
SET time_zone = "+00:00";


/*!40101 SET @OLD_CHARACTER_SET_CLIENT=@@CHARACTER_SET_CLIENT */;
/*!40101 SET @OLD_CHARACTER_SET_RESULTS=@@CHARACTER_SET_RESULTS */;
/*!40101 SET @OLD_COLLATION_CONNECTION=@@COLLATION_CONNECTION */;
/*!40101 SET NAMES utf8mb4 */;

--
-- Base de datos: `dreamxi`
--

-- --------------------------------------------------------

--
-- Estructura de tabla para la tabla `jugadores`
--

CREATE TABLE `jugadores` (
  `id_jugador` varchar(255) NOT NULL,
  `Nombre` varchar(255) DEFAULT NULL,
  `Puntos` int(11) DEFAULT NULL,
  `Equipo` varchar(255) DEFAULT NULL,
  `Posicion` varchar(255) DEFAULT NULL,
  `Precio` decimal(15,2) DEFAULT NULL,
  `Media` decimal(5,2) DEFAULT NULL,
  `Partidos` int(11) DEFAULT NULL,
  `Minutos` int(11) DEFAULT NULL,
  `Goles` int(11) DEFAULT NULL,
  `Asistencias` int(11) DEFAULT NULL,
  `Asistencias_sin_gol` int(11) DEFAULT NULL,
  `Balones_al_area` int(11) DEFAULT NULL,
  `Despejes` int(11) DEFAULT NULL,
  `Regates` int(11) DEFAULT NULL,
  `Tiros_a_puerta` int(11) DEFAULT NULL,
  `Balones_recuperados` int(11) DEFAULT NULL,
  `Posesiones_perdidas` int(11) DEFAULT NULL,
  `Penaltis_fallados` int(11) DEFAULT NULL,
  `Goles_en_contra` int(11) DEFAULT NULL,
  `Tarjetas_rojas` int(11) DEFAULT NULL,
  `Paradas` int(11) DEFAULT NULL,
  `Penaltis_cometidos` int(11) DEFAULT NULL,
  `Tarjetas_amarillas` int(11) DEFAULT NULL,
  `Segundas_amarillas` int(11) DEFAULT NULL,
  `Penaltis_provocados` int(11) DEFAULT NULL,
  `Penalties_parados` int(11) DEFAULT NULL,
  `Goles_en_propia` int(11) DEFAULT NULL,
  `Antepenultima_Jornada` varchar(10) DEFAULT NULL,
  `Penultima_Jornada` varchar(10) DEFAULT NULL,
  `Ultima_Jornada` varchar(10) DEFAULT NULL,
  `Flecha` char(1) DEFAULT NULL
) ENGINE=InnoDB DEFAULT CHARSET=utf8mb4;

--
-- Volcado de datos para la tabla `jugadores`
--

INSERT INTO `jugadores` (`id_jugador`, `Nombre`, `Puntos`, `Equipo`, `Posicion`, `Precio`, `Media`, `Partidos`, `Minutos`, `Goles`, `Asistencias`, `Asistencias_sin_gol`, `Balones_al_area`, `Despejes`, `Regates`, `Tiros_a_puerta`, `Balones_recuperados`, `Posesiones_perdidas`, `Penaltis_fallados`, `Goles_en_contra`, `Tarjetas_rojas`, `Paradas`, `Penaltis_cometidos`, `Tarjetas_amarillas`, `Segundas_amarillas`, `Penaltis_provocados`, `Penalties_parados`, `Goles_en_propia`, `Antepenultima_Jornada`, `Penultima_Jornada`, `Ultima_Jornada`, `Flecha`) VALUES
('1', 'Bellingham', 232, 'Real Madrid', 'MC', '25.00', '10.00', 22, 1786, 16, 3, 4, 2, 10, 38, 27, 112, 243, 0, 12, 0, 0, 0, 5, 0, 0, 0, 0, '\'18\'', '\'0\'', '\'0\'', '↓'),
('10', 'Kroos', 178, 'Real Madrid', 'MC', '20.14', '5.00', 26, 1652, 1, 7, 7, 38, 4, 3, 13, 126, 188, 0, 14, 0, 0, 0, 3, 0, 0, 0, 0, '\'8\'', '\'4\'', '\'6\'', '↑'),
('100', 'Hermoso', 108, 'Atlético de Madrid', 'DF', '5.28', '3.00', 25, 1853, 0, 1, 0, 7, 66, 8, 4, 149, 235, 0, 24, 0, 0, 0, 7, 0, 1, 0, 0, '\'4\'', '\'8\'', '\'4\'', '↓'),
('101', 'Koke', 107, 'Atlético de Madrid', 'MC', '20.67', '8.00', 23, 1539, 0, 3, 3, 1, 18, 2, 1, 136, 170, 0, 21, 0, 0, 0, 4, 0, 0, 0, 0, '\'6\'', '\'11\'', '\'4\'', '↑'),
('102', 'Oyarzabal', 107, 'Real Sociedad', 'DL', '18.90', '6.00', 22, 1382, 8, 1, 1, 1, 10, 5, 16, 53, 144, 0, 12, 0, 0, 0, 2, 0, 0, 0, 0, '\'9\'', '\'2\'', '\'0\'', '↓'),
('103', 'Mosquera', 106, 'Valencia CF', 'DF', '10.36', '4.00', 24, 1904, 0, 0, 0, 0, 86, 6, 2, 114, 129, 0, 25, 0, 0, 0, 2, 0, 0, 0, 0, '\'3\'', '\'7\'', '\'2\'', '↑'),
('104', 'Samu', 106, 'Deportivo Alavés', 'DL', '1.99', '2.00', 22, 1374, 8, 1, 3, 0, 9, 16, 19, 36, 168, 0, 18, 0, 0, 0, 4, 0, 1, 0, 0, '\'0\'', '\'2\'', '\'0\'', '↑'),
('105', 'Correa', 105, 'Atlético de Madrid', 'DL', '19.99', '6.00', 23, 832, 7, 2, 5, 3, 0, 13, 13, 48, 148, 0, 11, 0, 0, 0, 1, 0, 0, 0, 0, '\'4\'', '\'4\'', '\'4\'', '↑'),
('106', 'Uzuni', 104, 'Granada CF', 'MC', '1.01', '2.00', 25, 1855, 7, 1, 5, 4, 7, 10, 21, 48, 129, 1, 40, 0, 0, 0, 2, 0, 0, 0, 0, '\'2\'', '\'0\'', '\'0\'', '↓'),
('107', 'Munir', 104, 'UD Las Palmas', 'DL', '16.47', '6.00', 26, 1916, 2, 1, 1, 6, 8, 16, 8, 71, 245, 1, 14, 0, 0, 0, 2, 0, 0, 0, 0, '\'10\'', '\'16\'', '\'2\'', '↑'),
('108', 'Rakitić', 103, 'Sevilla FC', 'MC', '10.38', '4.00', 20, 1425, 2, 1, 3, 51, 10, 8, 8, 130, 317, 0, 23, 0, 0, 0, 6, 0, 0, 0, 0, '\'6\'', '\'12\'', '\'1\'', '↑'),
('109', 'Guevara', 103, 'Deportivo Alavés', 'MC', '20.54', '6.00', 25, 2204, 1, 0, 1, 4, 28, 16, 3, 187, 331, 0, 29, 0, 0, 0, 6, 0, 1, 0, 0, '\'5\'', '\'3\'', '\'3\'', '↓'),
('11', 'Gundogan', 178, 'FC Barcelona', 'MC', '20.11', '5.00', 25, 2022, 5, 6, 11, 34, 10, 21, 11, 144, 311, 0, 32, 0, 0, 0, 3, 0, 1, 0, 0, '\'4\'', '\'5\'', '\'6\'', '↑'),
('110', 'Óscar Valentín', 103, 'Rayo Vallecano', 'MC', '13.91', '4.00', 25, 2003, 1, 0, 1, 1, 36, 5, 6, 147, 213, 0, 26, 0, 0, 0, 2, 1, 0, 0, 0, '\'4\'', '\'2\'', '\'3\'', '↓'),
('111', 'Gorosabel', 102, 'Deportivo Alavés', 'DF', '5.82', '3.00', 25, 2136, 0, 0, 2, 12, 55, 17, 5, 131, 250, 0, 26, 0, 0, 0, 5, 0, 0, 0, 0, '\'5\'', '\'5\'', '\'3\'', '↑'),
('112', 'De Galarreta', 101, 'Athletic Club', 'MC', '15.08', '5.00', 21, 1533, 1, 1, 4, 18, 14, 14, 1, 114, 238, 0, 15, 0, 0, 0, 4, 0, 0, 0, 1, '\'6\'', '\'2\'', '\'9\'', '↑'),
('113', 'Alcaraz', 101, 'Cádiz CF', 'MC', '5.88', '4.00', 24, 2058, 2, 0, 1, 6, 36, 5, 6, 170, 244, 0, 30, 0, 0, 0, 12, 0, 0, 0, 0, '\'4\'', '\'5\'', '\'6\'', '↑'),
('114', 'Aimar Oroz', 101, 'C.A. Osasuna', 'MC', '5.16', '3.00', 26, 1920, 1, 1, 3, 1, 6, 21, 4, 123, 270, 0, 28, 0, 0, 0, 3, 0, 0, 0, 0, '\'6\'', '\'5\'', '\'4\'', '↑'),
('115', 'Bamba', 101, 'RC Celta', 'MC', '14.36', '4.00', 19, 1413, 2, 1, 1, 11, 6, 33, 15, 87, 215, 0, 22, 0, 0, 0, 0, 0, 0, 0, 0, '\'7\'', '\'7\'', '\'6\'', '↑'),
('116', 'Marc Roca', 101, 'Real Betis', 'MC', '20.54', '6.00', 21, 1584, 2, 2, 2, 1, 18, 6, 7, 122, 201, 0, 20, 0, 0, 0, 5, 0, 0, 0, 0, '\'5\'', '\'3\'', '\'3\'', '↓'),
('117', 'Vesga', 100, 'Athletic Club', 'MC', '2.43', '3.00', 22, 1191, 3, 1, 3, 3, 26, 1, 7, 106, 174, 0, 13, 0, 0, 0, 2, 0, 0, 0, 0, '\'2\'', '\'2\'', '\'2\'', '↓'),
('118', 'Lopy', 100, 'UD Almería', 'MC', '15.01', '5.00', 24, 1594, 0, 0, 2, 3, 18, 27, 4, 146, 165, 0, 38, 0, 0, 0, 2, 0, 0, 0, 0, '\'4\'', '\'6\'', '\'3\'', '↓'),
('12', 'Unai Simón', 177, 'Athletic Club', 'PO', '10.71', '4.00', 27, 2340, 0, 0, 0, 0, 11, 0, 0, 229, 369, 0, 26, 0, 73, 0, 2, 0, 0, 1, 0, '\'5\'', '\'6\'', '\'2\'', '↑'),
('120', 'Guerra', 99, 'Valencia CF', 'MC', '20.54', '6.00', 23, 1589, 4, 1, 1, 1, 23, 28, 10, 118, 253, 0, 24, 1, 0, 0, 3, 0, 0, 0, 0, '\'5\'', '\'3\'', '\'3\'', '↓'),
('121', 'Chris Ramos', 99, 'Cádiz CF', 'DL', '8.69', '4.00', 26, 1947, 5, 1, 2, 2, 38, 17, 17, 59, 306, 0, 28, 0, 0, 0, 2, 0, 1, 0, 0, '\'2\'', '\'1\'', '\'3\'', '↓'),
('122', 'Blanco', 97, 'Deportivo Alavés', 'MC', '14.36', '4.00', 24, 1670, 0, 0, 0, 4, 19, 12, 3, 138, 198, 0, 20, 1, 0, 0, 0, 0, 0, 0, 0, '\'7\'', '\'7\'', '\'6\'', '↑'),
('123', 'Gonzalo Villar', 97, 'Granada CF', 'MC', '3.38', '3.00', 22, 1301, 1, 3, 2, 6, 20, 18, 4, 113, 173, 0, 25, 0, 0, 0, 6, 0, 1, 0, 0, '\'3\'', '\'0\'', '\'01\'', '↓'),
('124', 'Lucas Vázquez', 96, 'Real Madrid', 'DF', '4.68', '3.00', 26, 917, 1, 3, 5, 6, 22, 14, 4, 54, 140, 0, 8, 0, 0, 0, 0, 0, 0, 0, 0, '\'5\'', '\'4\'', '\'5\'', '↑'),
('125', 'Unai López', 96, 'Rayo Vallecano', 'MC', '2.37', '3.00', 25, 1411, 1, 2, 5, 14, 9, 12, 4, 124, 214, 0, 22, 0, 0, 0, 5, 0, 0, 0, 0, '\'3\'', '\'2\'', '\'2\'', '↓'),
('126', 'Parejo', 96, 'Villarreal CF', 'MC', '2.45', '3.00', 22, 1705, 2, 1, 1, 13, 20, 14, 5, 130, 192, 0, 39, 0, 0, 0, 3, 0, 0, 0, 0, '\'2\'', '\'2\'', '\'3\'', '↓'),
('127', 'Javi Muñoz', 96, 'UD Las Palmas', 'MC', '9.13', '4.00', 25, 1868, 2, 2, 1, 6, 12, 10, 9, 97, 251, 0, 22, 0, 0, 1, 5, 0, 0, 0, 0, '\'5\'', '\'2\'', '\'4\'', '↓'),
('128', 'Suso', 96, 'Sevilla FC', 'DL', '14.10', '5.00', 21, 1151, 1, 3, 7, 39, 2, 21, 7, 66, 227, 0, 27, 1, 0, 0, 4, 0, 0, 0, 0, '\'9\'', '\'3\'', '\'3\'', '↓'),
('129', 'Nahuel Molina', 95, 'Atlético de Madrid', 'DF', '5.16', '3.00', 25, 1412, 2, 3, 3, 16, 22, 12, 5, 97, 311, 0, 14, 0, 0, 0, 3, 0, 0, 0, 0, '\'3\'', '\'3\'', '\'3\'', '↓'),
('13', 'Kubo', 175, 'Real Sociedad', 'MC', '20.67', '8.00', 22, 1689, 7, 3, 8, 29, 3, 41, 19, 84, 303, 0, 19, 0, 0, 0, 1, 0, 0, 0, 0, '\'6\'', '\'11\'', '\'4\'', '↑'),
('130', 'Starfelt', 95, 'RC Celta', 'DF', '3.54', '4.00', 22, 1617, 1, 0, 0, 0, 117, 0, 5, 131, 103, 0, 30, 0, 0, 1, 2, 0, 0, 0, 0, '\'0\'', '\'4\'', '\'3\'', '↑'),
('131', 'Ferran Torres', 95, 'FC Barcelona', 'DL', '8.58', '5.00', 22, 933, 7, 2, 2, 5, 4, 8, 14, 39, 135, 0, 16, 0, 0, 0, 2, 0, 1, 0, 0, '\'0\'', '\'0\'', '\'0\'', '↓'),
('132', 'Le Normand', 94, 'Real Sociedad', 'DF', '10.62', '4.00', 25, 1759, 1, 0, 0, 0, 61, 1, 3, 99, 154, 0, 22, 0, 0, 1, 9, 0, 0, 0, 1, '\'0\'', '\'4\'', '\'2\'', '↓'),
('133', 'Traoré', 94, 'Real Sociedad', 'DF', '15.10', '5.00', 22, 1631, 0, 2, 1, 8, 34, 13, 1, 125, 251, 0, 19, 0, 0, 0, 5, 0, 0, 0, 0, '\'0\'', '\'5\'', '\'5\'', '↑'),
('134', 'Moi Gómez', 94, 'C.A. Osasuna', 'MC', '4.73', '3.00', 23, 1447, 2, 0, 0, 12, 15, 12, 7, 102, 196, 0, 20, 0, 0, 0, 2, 0, 0, 0, 0, '\'0\'', '\'5\'', '\'3\'', '↑'),
('135', 'De Marcos', 93, 'Athletic Club', 'DF', '9.32', '4.00', 21, 1584, 1, 4, 4, 20, 20, 4, 2, 98, 252, 0, 22, 0, 0, 0, 3, 0, 0, 0, 0, '\'3\'', '\'0\'', '\'0\'', '↓'),
('136', 'David López', 93, 'Girona FC', 'DF', '6.98', '5.00', 17, 1263, 2, 0, 0, 0, 39, 2, 4, 104, 98, 0, 15, 0, 0, 0, 3, 0, 0, 0, 0, '\'0\'', '\'0\'', '\'0\'', '↑'),
('137', 'Christensen', 93, 'FC Barcelona', 'DF', '5.21', '2.00', 25, 1422, 0, 2, 2, 0, 32, 3, 1, 88, 68, 0, 19, 0, 0, 0, 3, 0, 0, 0, 0, '\'2\'', '\'4\'', '\'6\'', '↑'),
('138', 'Álex Suárez', 93, 'UD Las Palmas', 'DF', '7.10', '4.00', 26, 1789, 1, 0, 0, 3, 60, 4, 3, 96, 172, 0, 20, 0, 0, 1, 5, 0, 0, 0, 0, '\'13\'', '\'1\'', '\'3\'', '↑'),
('139', 'Duarte', 92, 'Deportivo Alavés', 'DF', '7.10', '4.00', 25, 1434, 2, 0, 3, 25, 42, 4, 5, 99, 220, 0, 22, 0, 0, 0, 5, 0, 0, 0, 0, '\'13\'', '\'1\'', '\'3\'', '↑'),
('14', 'Rodrygo', 175, 'Real Madrid', 'DL', '19.97', '5.00', 26, 1805, 8, 4, 3, 9, 3, 49, 27, 58, 240, 1, 14, 0, 0, 0, 2, 0, 1, 0, 0, '\'8\'', '\'2\'', '\'3\'', '↑'),
('140', 'Guaita', 92, 'RC Celta', 'PO', '11.42', '4.00', 22, 1502, 0, 0, 0, 0, 22, 0, 0, 130, 185, 0, 24, 0, 48, 0, 2, 0, 0, 0, 0, '\'5\'', '\'0\'', '\'2\'', '↓'),
('141', 'Areso', 91, 'C.A. Osasuna', 'DF', '15.10', '5.00', 26, 1679, 1, 2, 2, 19, 29, 25, 2, 100, 293, 0, 27, 0, 0, 0, 1, 0, 0, 0, 0, '\'0\'', '\'5\'', '\'5\'', '↑'),
('142', 'Camavinga', 91, 'Real Madrid', 'MC', '14.05', '4.00', 19, 1135, 0, 1, 1, 3, 12, 20, 2, 107, 126, 0, 9, 0, 0, 1, 5, 0, 0, 0, 0, '\'7\'', '\'4\'', '\'0\'', '↑'),
('143', 'En-Nesyri', 91, 'Sevilla FC', 'DL', '6.69', '3.00', 21, 1550, 7, 1, 0, 0, 12, 5, 21, 24, 133, 0, 21, 0, 0, 0, 3, 0, 0, 0, 0, '\'4\'', '\'2\'', '\'1\'', '↑'),
('144', 'Gabriel Paulista', 90, 'Atlético de Madrid', 'DF', '4.99', '3.00', 21, 1500, 0, 0, 0, 0, 89, 0, 0, 98, 120, 0, 21, 0, 0, 0, 4, 1, 0, 0, 0, '\'6\'', '\'0\'', '\'3\'', '↓'),
('145', 'Gayá', 90, 'Valencia CF', 'DF', '2.62', '4.00', 19, 1536, 1, 2, 4, 15, 32, 5, 1, 105, 254, 0, 20, 0, 0, 0, 2, 0, 0, 0, 0, '\'7\'', '\'3\'', '\'4\'', '↑'),
('146', 'Badé', 90, 'Sevilla FC', 'DF', '5.35', '4.00', 20, 1447, 0, 1, 0, 0, 79, 5, 4, 115, 167, 0, 19, 1, 0, 0, 2, 0, 0, 0, 0, '\'0\'', '\'0\'', '\'3\'', '↓'),
('147', 'De La Torre', 90, 'RC Celta', 'MC', '10.02', '5.00', 24, 1638, 1, 4, 2, 1, 13, 8, 7, 104, 188, 0, 25, 0, 0, 0, 1, 1, 0, 0, 0, '\'2\'', '\'5\'', '\'2\'', '↓'),
('148', 'Mingueza', 89, 'RC Celta', 'DF', '10.36', '4.00', 26, 1981, 1, 2, 4, 27, 23, 17, 9, 126, 385, 0, 34, 0, 0, 1, 2, 0, 0, 0, 0, '\'3\'', '\'7\'', '\'2\'', '↑'),
('149', 'Coco', 89, 'UD Las Palmas', 'DF', '14.99', '5.00', 23, 1477, 1, 0, 0, 0, 82, 0, 4, 87, 118, 0, 19, 0, 0, 0, 4, 0, 0, 0, 0, '\'5\'', '\'0\'', '\'0\'', '↑'),
('15', 'Oblak', 170, 'Atlético de Madrid', 'PO', '11.48', '4.00', 26, 2340, 0, 0, 0, 0, 17, 1, 0, 186, 174, 0, 28, 0, 74, 0, 1, 0, 0, 0, 0, '\'8\'', '\'5\'', '\'2\'', '↑'),
('150', 'Riquelme', 89, 'Atlético de Madrid', 'MC', '7.88', '3.00', 26, 995, 2, 4, 6, 10, 9, 16, 12, 64, 169, 0, 19, 0, 0, 1, 1, 0, 0, 0, 0, '\'1\'', '\'4\'', '\'4\'', '↓'),
('151', 'Fran García', 88, 'Real Madrid', 'DF', '9.68', '4.00', 26, 1007, 0, 4, 4, 7, 14, 6, 0, 93, 140, 0, 10, 0, 0, 0, 1, 0, 0, 0, 0, '\'7\'', '\'6\'', '\'0\'', '↑'),
('152', 'Saúl', 88, 'Atlético de Madrid', 'MC', '1.51', '3.00', 25, 1132, 0, 4, 6, 4, 38, 8, 3, 75, 156, 0, 13, 0, 0, 0, 6, 0, 0, 0, 0, '\'8\'', '\'5\'', '\'2\'', '↑'),
('153', 'Barrios', 88, 'Atlético de Madrid', 'MC', '20.14', '5.00', 16, 1048, 0, 1, 3, 0, 14, 32, 5, 90, 154, 0, 11, 0, 0, 0, 3, 0, 0, 0, 0, '\'8\'', '\'4\'', '\'6\'', '↑'),
('154', 'Loiodice', 88, 'UD Las Palmas', 'MC', '804.00', '3.00', 26, 1317, 0, 0, 0, 5, 11, 18, 6, 94, 227, 0, 12, 0, 0, 0, 3, 0, 0, 0, 0, '\'2\'', '\'0\'', '\'3\'', '↓'),
('155', 'Ramazani', 88, 'UD Almería', 'DL', '2.83', '4.00', 24, 1297, 3, 4, 7, 3, 5, 23, 12, 87, 220, 0, 29, 0, 0, 0, 6, 1, 1, 0, 0, '\'04\'', '\'0\'', '\'0\'', '↓'),
('157', 'Eric García', 87, 'Girona FC', 'DF', '9.68', '4.00', 22, 1639, 2, 0, 0, 1, 44, 3, 3, 105, 144, 0, 28, 0, 0, 0, 3, 0, 0, 0, 0, '\'7\'', '\'6\'', '\'0\'', '↑'),
('158', 'Pedri', 87, 'FC Barcelona', 'MC', '11.89', '5.00', 15, 1055, 2, 2, 8, 4, 4, 11, 4, 68, 160, 0, 16, 0, 0, 0, 3, 0, 0, 0, 0, '\'4\'', '\'11\'', '\'9\'', '↑'),
('159', 'Moleiro', 87, 'UD Las Palmas', 'MC', '9.34', '4.00', 16, 914, 2, 3, 1, 3, 6, 25, 3, 37, 153, 0, 10, 0, 0, 0, 0, 0, 0, 0, 0, '\'3\'', '\'4\'', '\'3\'', '↑'),
('16', 'Remiro', 170, 'Real Sociedad', 'PO', '10.12', '4.00', 25, 2196, 0, 0, 0, 0, 30, 0, 0, 171, 189, 0, 23, 1, 67, 0, 3, 0, 0, 0, 0, '\'3\'', '\'2\'', '\'2\'', '↓'),
('160', 'Stuani', 87, 'Girona FC', 'DL', '5.16', '4.00', 25, 688, 7, 2, 3, 0, 12, 1, 15, 16, 51, 0, 9, 0, 0, 0, 5, 0, 0, 0, 0, '\'3\'', '\'6\'', '\'9\'', '↑'),
('162', 'Nastasic', 87, 'RCD Mallorca', 'DF', '2.51', '3.00', 23, 1627, 2, 0, 0, 2, 78, 0, 2, 85, 144, 0, 23, 0, 0, 0, 7, 0, 0, 0, 0, '\'3\'', '\'3\'', '\'12\'', '↑'),
('163', 'Moncayola', 86, 'C.A. Osasuna', 'MC', '1.01', '3.00', 24, 1143, 0, 2, 2, 23, 15, 4, 3, 64, 174, 0, 18, 0, 0, 0, 2, 0, 0, 0, 0, '\'3\'', '\'5\'', '\'3\'', '↑'),
('164', 'Sergio Ruiz', 86, 'Granada CF', 'MC', '2.46', '3.00', 25, 1570, 0, 1, 2, 2, 29, 14, 0, 137, 164, 0, 31, 0, 0, 0, 3, 0, 0, 0, 0, '\'8\'', '\'4\'', '\'5\'', '↑'),
('165', 'Sergio Ramos', 86, 'Sevilla FC', 'DF', '9.32', '4.00', 19, 1438, 1, 0, 0, 0, 86, 4, 7, 116, 113, 0, 23, 1, 0, 0, 5, 0, 0, 0, 1, '\'3\'', '\'0\'', '\'0\'', '↓'),
('166', 'Rafa Marín', 85, 'Deportivo Alavés', 'DF', '5.27', '3.00', 25, 1551, 0, 0, 0, 0, 84, 1, 2, 89, 118, 0, 21, 0, 0, 0, 4, 0, 0, 0, 1, '\'1\'', '\'7\'', '\'4\'', '↑'),
('167', 'Javi López', 85, 'Deportivo Alavés', 'DF', '6.98', '5.00', 25, 1509, 0, 3, 3, 15, 38, 32, 0, 80, 295, 0, 21, 0, 0, 1, 2, 0, 0, 0, 0, '\'0\'', '\'0\'', '\'0\'', '↑'),
('168', 'Miquel', 84, 'Granada CF', 'DF', '10.36', '4.00', 24, 2091, 1, 1, 1, 0, 92, 6, 7, 132, 210, 0, 48, 0, 0, 0, 5, 0, 0, 0, 0, '\'3\'', '\'7\'', '\'2\'', '↑'),
('17', 'Rioja', 169, 'Deportivo Alavés', 'MC', '14.06', '5.00', 26, 2054, 4, 4, 7, 43, 19, 36, 14, 118, 331, 0, 25, 0, 0, 0, 3, 0, 1, 0, 0, '\'5\'', '\'2\'', '\'4\'', '↑'),
('170', 'Rubén Peña', 83, 'C.A. Osasuna', 'DF', '1.50', '3.00', 22, 1510, 0, 1, 1, 16, 27, 26, 3, 122, 348, 0, 23, 0, 0, 0, 2, 0, 0, 0, 0, '\'3\'', '\'3\'', '\'0\'', '↓'),
('171', 'Chadi Riad', 83, 'Real Betis', 'DF', '5.35', '4.00', 18, 1219, 0, 0, 0, 0, 64, 0, 3, 82, 85, 0, 13, 0, 0, 0, 0, 0, 0, 0, 0, '\'0\'', '\'0\'', '\'3\'', '↓'),
('173', 'Barrenetxea', 82, 'Real Sociedad', 'MC', '14.36', '4.00', 21, 995, 3, 1, 2, 4, 2, 31, 11, 69, 243, 0, 13, 0, 0, 0, 1, 0, 0, 0, 0, '\'7\'', '\'7\'', '\'6\'', '↑'),
('174', 'Arrizabalaga', 82, 'Real Madrid', 'PO', '2.13', '4.00', 22, 1080, 0, 0, 0, 0, 7, 0, 0, 77, 60, 0, 9, 0, 26, 0, 1, 0, 0, 0, 0, '\'0\'', '\'0\'', '\'0\'', '↓'),
('175', 'Mendy', 81, 'Real Madrid', 'DF', '2.09', '3.00', 17, 1119, 0, 0, 0, 1, 15, 13, 0, 75, 77, 0, 6, 0, 0, 0, 5, 0, 0, 0, 0, '\'3\'', '\'12\'', '\'3\'', '↑'),
('176', 'Espino', 81, 'Rayo Vallecano', 'DF', '5.16', '3.00', 25, 2041, 0, 1, 4, 13, 33, 20, 4, 175, 366, 0, 31, 0, 0, 1, 7, 0, 0, 0, 1, '\'5\'', '\'2\'', '\'4\'', '↑'),
('177', 'Valjent', 81, 'RCD Mallorca', 'DF', '876.00', '3.00', 22, 1792, 0, 0, 1, 1, 84, 1, 0, 101, 180, 0, 28, 0, 0, 0, 3, 0, 0, 0, 0, '\'0\'', '\'3\'', '\'5\'', '↑'),
('178', 'Cuenca', 81, 'Villarreal CF', 'DF', '3.27', '3.00', 24, 1469, 2, 0, 0, 3, 96, 3, 6, 75, 138, 0, 32, 0, 0, 0, 5, 0, 0, 0, 0, '\'10\'', '\'3\'', '\'1\'', '↑'),
('179', 'Tapia', 81, 'RC Celta', 'MC', '6.98', '3.00', 25, 1222, 0, 0, 1, 1, 42, 26, 1, 119, 197, 0, 15, 0, 0, 0, 3, 1, 0, 0, 0, '\'3\'', '\'5\'', '\'2\'', '↑'),
('18', 'David Soria', 165, 'Getafe CF', 'PO', '10.01', '4.00', 26, 2340, 0, 0, 0, 0, 20, 0, 0, 302, 444, 0, 38, 0, 91, 1, 3, 0, 0, 1, 0, '\'4\'', '\'8\'', '\'5\'', '↑'),
('180', 'Pathé Ciss', 81, 'Rayo Vallecano', 'MC', '238.00', '3.00', 23, 1103, 1, 0, 0, 2, 32, 14, 7, 107, 140, 0, 20, 0, 0, 0, 6, 0, 0, 0, 0, '\'0\'', '\'3\'', '\'0\'', '↓'),
('181', 'Nyland', 81, 'Sevilla FC', 'PO', '2.34', '5.00', 14, 1080, 0, 0, 0, 0, 9, 0, 0, 105, 154, 0, 11, 0, 37, 0, 0, 0, 0, 0, 0, '\'7\'', '\'8\'', '\'7\'', '↑'),
('183', 'Pedrosa', 80, 'Sevilla FC', 'DF', '9.54', '3.00', 26, 1387, 1, 4, 3, 15, 27, 11, 3, 98, 271, 0, 23, 0, 0, 0, 1, 0, 0, 0, 0, '\'6\'', '\'2\'', '\'1\'', '↑'),
('184', 'Óliver Torres', 80, 'Sevilla FC', 'MC', '1.63', '3.00', 24, 1137, 0, 0, 3, 11, 3, 7, 3, 97, 164, 0, 12, 0, 0, 0, 3, 0, 0, 0, 0, '\'3\'', '\'3\'', '\'4\'', '↑'),
('185', 'Antonio Sánchez', 80, 'RCD Mallorca', 'MC', '1.22', '4.00', 27, 1081, 3, 1, 1, 7, 9, 12, 10, 96, 190, 0, 13, 0, 0, 0, 3, 0, 0, 0, 0, '\'10\'', '\'10\'', '\'0\'', '↑'),
('186', 'Raíllo', 80, 'RCD Mallorca', 'DF', '2.66', '3.00', 17, 1208, 2, 0, 2, 0, 50, 0, 4, 82, 95, 0, 15, 0, 0, 0, 1, 1, 0, 0, 0, '\'3\'', '\'3\'', '\'3\'', '↓'),
('187', 'Diego Rico', 80, 'Getafe CF', 'DF', '10.34', '4.00', 24, 1833, 0, 5, 5, 23, 41, 10, 1, 150, 425, 0, 31, 0, 0, 0, 7, 0, 0, 0, 0, '\'6\'', '\'3\'', '\'2\'', '↓'),
('188', 'Albiol', 79, 'Villarreal CF', 'DF', '1.71', '3.00', 23, 1639, 0, 1, 3, 0, 92, 0, 1, 76, 155, 0, 31, 0, 0, 0, 4, 0, 0, 0, 0, '\'3\'', '\'6\'', '\'7\'', '↑'),
('189', 'Balliu', 79, 'Rayo Vallecano', 'DF', '14.53', '4.00', 25, 1967, 0, 0, 2, 13, 41, 5, 3, 120, 284, 0, 31, 0, 0, 0, 4, 0, 0, 0, 0, '\'5\'', '\'0\'', '\'0\'', '↓'),
('19', 'Nico Williams', 165, 'Athletic Club', 'DL', '19.74', '7.00', 23, 1561, 3, 6, 7, 37, 3, 56, 13, 98, 319, 0, 17, 0, 0, 0, 3, 1, 3, 0, 0, '\'3\'', '\'10\'', '\'3\'', '↑'),
('190', 'Manu Sánchez', 79, 'RC Celta', 'DF', '10.36', '4.00', 26, 1448, 0, 4, 6, 14, 39, 10, 2, 97, 228, 0, 24, 0, 0, 0, 2, 0, 0, 0, 0, '\'3\'', '\'7\'', '\'2\'', '↑'),
('191', 'Edgar', 79, 'UD Almería', 'DF', '14.84', '4.00', 23, 1815, 2, 0, 0, 0, 92, 5, 3, 89, 156, 0, 36, 0, 0, 1, 4, 1, 0, 0, 0, '\'0\'', '\'0\'', '\'4\'', '↑'),
('192', 'Portu', 79, 'Girona FC', 'DL', '17.25', '5.00', 26, 765, 3, 3, 2, 3, 2, 2, 7, 27, 89, 0, 10, 0, 0, 0, 1, 0, 0, 0, 0, '\'2\'', '\'0\'', '\'1\'', '↓'),
('193', 'Sadiq', 79, 'Real Sociedad', 'DL', '4.69', '4.00', 25, 894, 2, 1, 2, 1, 9, 24, 11, 28, 134, 0, 10, 0, 0, 0, 3, 0, 0, 0, 0, '\'2\'', '\'1\'', '\'1\'', '↓'),
('194', 'Araujo', 78, 'FC Barcelona', 'DF', '15.10', '5.00', 22, 1516, 1, 0, 1, 2, 46, 9, 6, 84, 162, 0, 22, 0, 0, 0, 4, 0, 0, 0, 0, '\'0\'', '\'5\'', '\'5\'', '↑'),
('195', 'Catena', 78, 'C.A. Osasuna', 'DF', '14.49', '4.00', 24, 1686, 1, 1, 1, 0, 84, 3, 3, 100, 173, 0, 27, 1, 0, 1, 6, 0, 0, 0, 0, '\'6\'', '\'2\'', '\'5\'', '↑'),
('196', 'Mojica', 78, 'C.A. Osasuna', 'DF', '5.16', '3.00', 21, 1252, 0, 2, 4, 20, 19, 8, 2, 132, 272, 0, 20, 0, 0, 0, 1, 0, 0, 0, 0, '\'3\'', '\'3\'', '\'3\'', '↓'),
('197', 'Gastón', 78, 'Getafe CF', 'DF', '1.37', '3.00', 24, 1774, 1, 0, 0, 2, 59, 3, 2, 134, 219, 0, 28, 0, 0, 0, 5, 0, 0, 0, 0, '\'1\'', '\'0\'', '\'5\'', '↓'),
('198', 'Javi Hernández', 78, 'Cádiz CF', 'MC', '20.26', '5.00', 21, 1581, 0, 1, 2, 32, 43, 10, 4, 108, 251, 0, 29, 0, 0, 0, 5, 0, 0, 0, 0, '\'5\'', '\'7\'', '\'5\'', '↑'),
('199', 'Chimy Ávila', 78, 'Real Betis', 'DL', '5.36', '2.00', 20, 1002, 2, 3, 2, 26, 7, 6, 8, 43, 181, 0, 13, 2, 0, 0, 4, 0, 0, 0, 0, '\'2\'', '\'2\'', '\'9\'', '↑'),
('2', 'Griezmann', 203, 'Atlético de Madrid', 'DL', '24.97', '6.00', 25, 1954, 11, 6, 9, 26, 16, 22, 29, 80, 298, 0, 22, 0, 0, 0, 3, 0, 0, 0, 0, '\'2\'', '\'0\'', '\'0\'', '↓'),
('20', 'Borja Mayoral', 163, 'Getafe CF', 'DL', '18.90', '6.00', 26, 2085, 15, 1, 2, 7, 16, 19, 27, 67, 245, 0, 31, 0, 0, 0, 2, 0, 1, 0, 0, '\'9\'', '\'2\'', '\'0\'', '↓'),
('201', 'Sandro', 78, 'UD Las Palmas', 'DL', '15.11', '5.00', 18, 1030, 0, 3, 5, 12, 9, 14, 10, 41, 157, 0, 10, 0, 0, 0, 1, 0, 1, 0, 0, '\'9\'', '\'3\'', '\'3\'', '↓'),
('202', 'Akhomach', 78, 'Villarreal CF', 'DL', '4.95', '3.00', 22, 1090, 1, 2, 4, 7, 4, 36, 4, 59, 196, 0, 23, 0, 0, 0, 3, 0, 0, 0, 0, '\'7\'', '\'2\'', '\'4\'', '↑'),
('203', 'Rubén García', 77, 'C.A. Osasuna', 'MC', '20.54', '6.00', 25, 807, 2, 1, 4, 14, 7, 5, 6, 51, 160, 0, 15, 0, 0, 0, 0, 0, 0, 0, 0, '\'5\'', '\'3\'', '\'3\'', '↓'),
('204', 'Embarba', 77, 'UD Almería', 'DL', '6.19', '4.00', 26, 1577, 0, 0, 4, 25, 8, 32, 13, 100, 357, 0, 36, 0, 0, 0, 3, 0, 0, 0, 0, '\'0\'', '\'0\'', '\'0\'', '↑'),
('205', 'Máximo Perrone', 77, 'UD Las Palmas', 'MC', '9.34', '4.00', 21, 1182, 0, 0, 0, 0, 18, 6, 1, 115, 137, 0, 13, 0, 0, 0, 5, 0, 0, 0, 0, '\'3\'', '\'4\'', '\'3\'', '↑'),
('206', 'Alaba', 76, 'Real Madrid', 'DF', '1.71', '3.00', 15, 1156, 0, 1, 2, 2, 34, 0, 4, 79, 101, 0, 10, 0, 0, 0, 2, 0, 0, 0, 1, '\'3\'', '\'6\'', '\'7\'', '↑'),
('207', 'Ander Herrera', 76, 'Athletic Club', 'MC', '13.24', '5.00', 22, 784, 0, 2, 2, 1, 11, 5, 3, 76, 100, 0, 6, 0, 0, 0, 2, 0, 0, 0, 0, '\'5\'', '\'0\'', '\'2\'', '↑'),
('208', 'Lekue', 75, 'Athletic Club', 'DF', '10.07', '4.00', 25, 1331, 0, 2, 1, 5, 28, 15, 0, 100, 218, 0, 14, 0, 0, 0, 4, 0, 0, 0, 0, '\'2\'', '\'2\'', '\'5\'', '↑'),
('209', 'Guido Rodríguez', 75, 'Real Betis', 'MC', '16.61', '6.00', 14, 1076, 1, 0, 1, 0, 26, 8, 4, 109, 93, 0, 10, 0, 0, 1, 5, 0, 0, 0, 0, '\'5\'', '\'1\'', '\'12\'', '↑'),
('21', 'Pepelu', 162, 'Valencia CF', 'MC', '17.54', '6.00', 25, 2225, 4, 1, 2, 36, 41, 10, 9, 190, 338, 1, 28, 0, 0, 1, 2, 0, 0, 0, 0, '\'5\'', '\'6\'', '\'3\'', '↑'),
('210', 'Morlanes', 75, 'RCD Mallorca', 'MC', '11.11', '4.00', 26, 1042, 0, 1, 0, 4, 15, 14, 2, 91, 114, 0, 18, 0, 0, 0, 2, 0, 0, 0, 0, '\'3\'', '\'18\'', '\'2\'', '↑'),
('211', 'Muriqi', 75, 'RCD Mallorca', 'DL', '14.43', '5.00', 19, 1416, 5, 2, 4, 2, 19, 4, 20, 42, 235, 2, 24, 0, 0, 0, 1, 0, 0, 0, 0, '\'10\'', '\'4\'', '\'5\'', '↑'),
('212', 'Larin', 75, 'RCD Mallorca', 'DL', '3.28', '3.00', 26, 1252, 2, 1, 0, 1, 11, 11, 20, 28, 148, 0, 16, 0, 0, 1, 6, 0, 0, 0, 0, '\'0\'', '\'3\'', '\'2\'', '↑'),
('215', 'Thierry Correia', 74, 'Valencia CF', 'DF', '1.06', '3.00', 19, 1425, 0, 2, 0, 6, 33, 14, 2, 144, 259, 0, 18, 1, 0, 1, 2, 0, 0, 0, 0, '\'0\'', '\'0\'', '\'0\'', '↓'),
('216', 'Miranda', 74, 'Real Betis', 'DF', '14.53', '4.00', 23, 1087, 0, 1, 2, 9, 36, 4, 3, 59, 150, 0, 10, 0, 0, 0, 5, 0, 0, 0, 0, '\'5\'', '\'0\'', '\'0\'', '↓'),
('217', 'Sow', 74, 'Sevilla FC', 'MC', '1.51', '3.00', 24, 1399, 1, 1, 1, 1, 6, 4, 5, 84, 117, 0, 20, 0, 0, 0, 6, 0, 0, 0, 0, '\'8\'', '\'5\'', '\'2\'', '↑'),
('219', 'Marvin', 74, 'UD Las Palmas', 'MC', '10.38', '4.00', 22, 1118, 0, 2, 3, 6, 12, 16, 1, 84, 190, 0, 14, 0, 0, 1, 3, 0, 0, 0, 0, '\'6\'', '\'12\'', '\'1\'', '↑'),
('22', 'Lewandowski', 162, 'FC Barcelona', 'DL', '20.47', '5.00', 24, 1949, 12, 5, 4, 2, 15, 16, 31, 41, 237, 0, 27, 0, 0, 0, 4, 0, 1, 0, 0, '\'6\'', '\'15\'', '\'3\'', '↑'),
('220', 'Aridane', 73, 'Rayo Vallecano', 'DF', '5.28', '3.00', 24, 1421, 0, 0, 0, 0, 87, 1, 0, 86, 96, 0, 23, 0, 0, 1, 3, 0, 0, 0, 0, '\'4\'', '\'8\'', '\'4\'', '↓'),
('221', 'Fali', 73, 'Cádiz CF', 'DF', '2.66', '3.00', 23, 1944, 0, 0, 0, 1, 86, 2, 2, 109, 200, 0, 29, 0, 0, 0, 10, 0, 0, 0, 0, '\'3\'', '\'3\'', '\'3\'', '↓'),
('224', 'Diakhaby', 71, 'Valencia CF', 'DF', '1.50', '4.00', 15, 982, 1, 0, 0, 0, 57, 3, 3, 75, 80, 0, 13, 0, 0, 0, 5, 0, 0, 0, 0, '\'0\'', '\'0\'', '\'4\'', '↑'),
('225', 'Arnau', 71, 'Girona FC', 'DF', '14.49', '4.00', 25, 995, 0, 2, 3, 5, 31, 2, 0, 59, 84, 0, 10, 0, 0, 0, 4, 0, 0, 0, 0, '\'6\'', '\'2\'', '\'5\'', '↑'),
('226', 'Milla', 71, 'Getafe CF', 'MC', '18.93', '5.00', 15, 1171, 0, 1, 2, 28, 5, 10, 4, 116, 193, 0, 22, 0, 0, 0, 5, 0, 0, 0, 0, '\'0\'', '\'2\'', '\'05\'', '↓'),
('227', 'Kike García', 71, 'Deportivo Alavés', 'DL', '858.00', '3.00', 25, 936, 3, 0, 1, 3, 10, 10, 21, 32, 126, 1, 12, 0, 0, 0, 3, 0, 2, 0, 0, '\'0\'', '\'0\'', '\'2\'', '↓'),
('228', 'Djené', 70, 'Getafe CF', 'DF', '10.07', '4.00', 23, 1696, 0, 0, 0, 6, 43, 15, 0, 133, 200, 0, 26, 0, 0, 0, 10, 1, 0, 0, 0, '\'2\'', '\'2\'', '\'5\'', '↑'),
('229', 'Gio González', 70, 'RCD Mallorca', 'DF', '2.83', '3.00', 26, 1645, 0, 1, 1, 8, 39, 10, 2, 128, 242, 0, 23, 0, 0, 1, 4, 0, 0, 0, 0, '\'2\'', '\'1\'', '\'0\'', '↓'),
('23', 'Dimitrievski', 161, 'Rayo Vallecano', 'PO', '6.19', '4.00', 26, 2340, 0, 0, 0, 0, 25, 1, 0, 214, 337, 0, 36, 0, 85, 0, 2, 0, 0, 1, 0, '\'4\'', '\'4\'', '\'5\'', '↓'),
('230', 'Gumbau', 70, 'Granada CF', 'MC', '7.81', '4.00', 23, 1706, 0, 3, 6, 32, 21, 7, 7, 91, 287, 0, 42, 0, 0, 0, 10, 0, 0, 0, 0, '\'2\'', '\'2\'', '\'2\'', '↓'),
('233', 'Boyé', 70, 'Granada CF', 'DL', '8.46', '4.00', 18, 1448, 3, 3, 1, 2, 26, 34, 8, 69, 251, 0, 30, 1, 0, 0, 5, 0, 0, 0, 0, '\'11\'', '\'1\'', '\'8\'', '↑'),
('234', 'Robert Navarro', 70, 'Cádiz CF', 'MC', '9.34', '4.00', 23, 945, 0, 1, 4, 19, 4, 26, 4, 77, 199, 0, 15, 1, 0, 0, 0, 0, 0, 0, 0, '\'3\'', '\'4\'', '\'3\'', '↑'),
('235', 'Capoue', 69, 'Villarreal CF', 'MC', '1.21', '2.00', 25, 1221, 0, 1, 1, 0, 23, 14, 4, 99, 151, 0, 31, 0, 0, 0, 6, 0, 1, 0, 0, '\'2\'', '\'2\'', '\'0\'', '↓'),
('236', 'Roger', 69, 'Cádiz CF', 'DL', '19.97', '5.00', 16, 1053, 2, 2, 8, 0, 3, 1, 9, 55, 143, 0, 11, 0, 0, 0, 2, 0, 0, 0, 0, '\'8\'', '\'2\'', '\'3\'', '↑'),
('237', 'Aihen', 68, 'Real Sociedad', 'DF', '1.84', '3.00', 21, 1119, 0, 2, 3, 12, 32, 8, 2, 74, 230, 0, 14, 0, 0, 0, 2, 0, 0, 0, 0, '\'0\'', '\'0\'', '\'0\'', '↓'),
('238', 'Ricard', 68, 'Granada CF', 'DF', '10.34', '4.00', 24, 1799, 3, 0, 1, 18, 38, 13, 4, 91, 269, 0, 38, 0, 0, 0, 5, 0, 0, 0, 0, '\'6\'', '\'3\'', '\'2\'', '↓'),
('239', 'Gudelj', 68, 'Sevilla FC', 'MC', '6.80', '4.00', 18, 1378, 1, 0, 1, 1, 46, 2, 3, 84, 133, 0, 22, 0, 0, 0, 6, 0, 0, 0, 0, '\'5\'', '\'3\'', '\'3\'', '↓'),
('24', 'Dovbyk', 161, 'Girona FC', 'DL', '19.55', '6.00', 23, 1551, 13, 5, 6, 0, 15, 9, 25, 15, 132, 0, 23, 0, 0, 0, 1, 0, 0, 0, 0, '\'0\'', '\'1\'', '\'3\'', '↑'),
('240', 'Morales', 68, 'Villarreal CF', 'DL', '18.90', '6.00', 26, 873, 6, 0, 1, 1, 2, 8, 9, 33, 96, 0, 21, 0, 0, 0, 0, 0, 0, 0, 0, '\'9\'', '\'2\'', '\'0\'', '↓'),
('241', 'Nacho', 68, 'Real Madrid', 'DF', '15.00', '4.00', 22, 1064, 0, 0, 1, 1, 30, 0, 1, 59, 66, 0, 7, 2, 0, 0, 1, 0, 0, 0, 0, '\'2\'', '\'3\'', '\'4\'', '↓'),
('242', 'Álex Balde', 67, 'FC Barcelona', 'DF', '2.38', '3.00', 20, 1378, 0, 1, 1, 7, 19, 20, 1, 72, 202, 0, 17, 0, 0, 0, 1, 0, 0, 0, 0, '\'0\'', '\'0\'', '\'0\'', '↓'),
('243', 'Torró', 67, 'C.A. Osasuna', 'MC', '1.63', '3.00', 26, 1214, 0, 0, 1, 0, 26, 1, 4, 112, 147, 0, 18, 0, 0, 0, 3, 0, 0, 0, 0, '\'3\'', '\'3\'', '\'4\'', '↑'),
('244', 'Leo Baptistao', 67, 'UD Almería', 'DL', '1.40', '3.00', 21, 1158, 4, 0, 3, 1, 14, 5, 12, 60, 181, 0, 22, 1, 0, 0, 5, 0, 0, 0, 0, '\'0\'', '\'0\'', '\'2\'', '↓'),
('245', 'Jose Arnaiz', 67, 'C.A. Osasuna', 'DL', '206.00', '3.00', 22, 571, 1, 1, 5, 12, 1, 5, 7, 35, 87, 0, 7, 0, 0, 0, 1, 0, 0, 0, 0, '\'0\'', '\'0\'', '\'0\'', '↑'),
('246', 'Camello', 66, 'Rayo Vallecano', 'DL', '14.30', '5.00', 25, 1104, 2, 1, 1, 0, 10, 9, 9, 38, 134, 0, 22, 0, 0, 0, 2, 0, 0, 0, 0, '\'16\'', '\'9\'', '\'0\'', '↑'),
('247', 'Bellerín', 66, 'Real Betis', 'DF', '1.42', '2.00', 21, 1407, 0, 0, 3, 3, 28, 10, 0, 90, 245, 0, 15, 1, 0, 0, 0, 0, 0, 0, 1, '\'3\'', '\'4\'', '\'2\'', '↑'),
('248', 'Savic', 65, 'Atlético de Madrid', 'DF', '1.95', '3.00', 22, 1174, 0, 0, 0, 1, 43, 5, 1, 79, 112, 0, 11, 0, 0, 0, 3, 1, 0, 0, 0, '\'0\'', '\'5\'', '\'2\'', '↑'),
('249', 'Comesaña', 65, 'Villarreal CF', 'MC', '6.77', '4.00', 23, 1047, 2, 0, 1, 0, 14, 7, 5, 74, 99, 0, 17, 0, 0, 0, 6, 0, 0, 0, 0, '\'2\'', '\'2\'', '\'0\'', '↓'),
('25', 'Miguel Gutiérrez', 159, 'Girona FC', 'DF', '14.90', '4.00', 26, 2222, 1, 4, 10, 22, 44, 23, 4, 175, 280, 0, 29, 0, 0, 0, 3, 0, 0, 0, 0, '\'4\'', '\'2\'', '\'0\'', '↓'),
('251', 'Machís', 65, 'Cádiz CF', 'DL', '858.00', '3.00', 22, 743, 4, 0, 0, 13, 2, 5, 10, 53, 144, 0, 13, 1, 0, 0, 0, 0, 0, 0, 0, '\'0\'', '\'0\'', '\'2\'', '↓'),
('252', 'De Frutos', 65, 'Rayo Vallecano', 'MC', '15.08', '5.00', 25, 743, 1, 0, 1, 11, 4, 7, 7, 45, 116, 0, 12, 0, 0, 0, 0, 0, 0, 0, 0, '\'6\'', '\'2\'', '\'9\'', '↑'),
('253', 'Juanlu', 65, 'Sevilla FC', 'MC', '1.88', '3.00', 23, 951, 0, 2, 0, 12, 22, 20, 2, 60, 165, 0, 14, 0, 0, 2, 2, 0, 0, 0, 0, '\'0\'', '\'4\'', '\'6\'', '↓'),
('254', 'Alberto Moreno', 64, 'Villarreal CF', 'DF', '2.09', '3.00', 21, 1025, 1, 1, 1, 11, 20, 5, 3, 64, 128, 0, 16, 0, 0, 0, 0, 1, 1, 0, 0, '\'3\'', '\'12\'', '\'3\'', '↑'),
('255', 'Juan Iglesias', 64, 'Getafe CF', 'DF', '570.00', '3.00', 26, 1079, 0, 2, 1, 12, 29, 3, 5, 73, 224, 0, 12, 0, 0, 0, 3, 0, 0, 0, 0, '\'2\'', '\'1\'', '\'2\'', '↓'),
('256', 'Abqar', 64, 'Deportivo Alavés', 'DF', '1.02', '3.00', 20, 1525, 0, 0, 0, 0, 76, 3, 2, 93, 147, 0, 20, 0, 0, 2, 6, 0, 0, 0, 1, '\'6\'', '\'4\'', '\'5\'', '↑'),
('257', 'Soumaré', 64, 'Sevilla FC', 'MC', '1.51', '3.00', 20, 1297, 0, 0, 0, 0, 10, 11, 0, 116, 112, 0, 18, 0, 0, 0, 6, 0, 0, 0, 0, '\'8\'', '\'5\'', '\'2\'', '↑'),
('258', 'Neva', 63, 'Granada CF', 'DF', '1.02', '3.00', 25, 2075, 0, 2, 6, 14, 59, 4, 0, 113, 288, 0, 43, 0, 0, 0, 3, 0, 0, 0, 0, '\'5\'', '\'0\'', '\'4\'', '↑'),
('259', 'Fran Beltrán', 63, 'RC Celta', 'MC', '434.00', '3.00', 26, 1454, 0, 0, 0, 1, 15, 7, 1, 120, 155, 0, 27, 0, 0, 1, 2, 0, 0, 0, 0, '\'4\'', '\'1\'', '\'2\'', '↑'),
('26', 'Gerard', 158, 'Villarreal CF', 'DL', '858.00', '3.00', 23, 1807, 10, 2, 6, 6, 20, 39, 20, 77, 290, 0, 37, 0, 0, 0, 0, 0, 0, 0, 0, '\'0\'', '\'0\'', '\'2\'', '↓'),
('260', 'Trejo', 63, 'Rayo Vallecano', 'MC', '9.96', '3.00', 22, 952, 0, 0, 0, 4, 8, 20, 2, 66, 204, 0, 15, 0, 0, 0, 3, 0, 1, 0, 0, '\'0\'', '\'1\'', '\'2\'', '↓'),
('261', 'Oriol Romeu', 63, 'FC Barcelona', 'MC', '206.00', '2.00', 25, 737, 0, 1, 3, 1, 13, 3, 2, 54, 87, 0, 11, 0, 0, 0, 4, 0, 0, 0, 0, '\'0\'', '\'0\'', '\'4\'', '↑'),
('262', 'Dmitrovic', 62, 'Sevilla FC', 'PO', '10.12', '4.00', 25, 1170, 0, 0, 0, 0, 12, 1, 0, 102, 104, 0, 25, 0, 44, 0, 1, 0, 0, 0, 1, '\'3\'', '\'2\'', '\'2\'', '↓'),
('263', 'Azpilicueta', 62, 'Atlético de Madrid', 'DF', '207.00', '3.00', 19, 949, 0, 1, 5, 0, 25, 1, 2, 69, 127, 0, 13, 0, 0, 0, 3, 0, 0, 0, 0, '\'0\'', '\'0\'', '\'0\'', '↑'),
('264', 'Álex Fernández', 62, 'Cádiz CF', 'MC', '995.00', '3.00', 25, 875, 0, 0, 1, 9, 23, 3, 1, 72, 87, 0, 12, 0, 0, 0, 2, 0, 0, 0, 0, '\'2\'', '\'1\'', '\'3\'', '↓'),
('268', 'Canós', 62, 'Valencia CF', 'DL', '591.00', '3.00', 14, 613, 1, 1, 3, 2, 1, 7, 8, 45, 106, 0, 9, 0, 0, 0, 0, 0, 0, 0, 0, '\'11\'', '\'3\'', '\'2\'', '↑'),
('27', 'Pezzella', 156, 'Real Betis', 'DF', '13.68', '4.00', 26, 2168, 1, 0, 1, 1, 122, 3, 3, 151, 181, 0, 21, 0, 0, 0, 4, 0, 0, 0, 0, '\'6\'', '\'5\'', '\'3\'', '↑'),
('270', 'Lucas Pires', 61, 'Cádiz CF', 'DF', '1.62', '3.00', 21, 1200, 1, 0, 2, 22, 38, 11, 3, 84, 205, 0, 19, 0, 0, 0, 5, 0, 0, 0, 0, '\'2\'', '\'2\'', '\'0\'', '↓'),
('271', 'Turrientes', 59, 'Real Sociedad', 'MC', '11.11', '4.00', 25, 890, 0, 1, 1, 1, 11, 13, 4, 44, 88, 0, 8, 0, 0, 0, 3, 0, 0, 0, 0, '\'3\'', '\'18\'', '\'2\'', '↑'),
('272', 'Gavi', 59, 'FC Barcelona', 'MC', '1.09', '6.00', 12, 943, 1, 1, 2, 2, 16, 12, 6, 52, 93, 0, 11, 0, 0, 0, 5, 0, 0, 0, 0, '\'0\'', '\'0\'', '\'0\'', '↓'),
('273', 'Escalante', 59, 'Cádiz CF', 'MC', '11.04', '4.00', 18, 1218, 0, 2, 1, 0, 28, 2, 1, 91, 149, 0, 21, 1, 0, 0, 1, 0, 0, 0, 0, '\'11\'', '\'2\'', '\'2\'', '↓'),
('274', 'Fermin', 59, 'FC Barcelona', 'MC', '11.89', '5.00', 23, 675, 2, 0, 1, 1, 4, 14, 13, 35, 99, 0, 7, 0, 0, 0, 2, 0, 0, 0, 0, '\'4\'', '\'11\'', '\'9\'', '↑'),
('275', 'Iker Muñoz', 59, 'C.A. Osasuna', 'MC', '9.13', '4.00', 22, 881, 2, 0, 0, 0, 21, 1, 4, 54, 151, 0, 13, 0, 0, 0, 1, 0, 0, 0, 0, '\'5\'', '\'2\'', '\'4\'', '↓'),
('276', 'Lato', 57, 'RCD Mallorca', 'DF', '238.00', '2.00', 24, 1002, 0, 1, 3, 5, 16, 5, 0, 62, 152, 0, 13, 0, 0, 0, 2, 0, 1, 0, 0, '\'1\'', '\'1\'', '\'3\'', '↓'),
('277', 'Guillamón', 57, 'Valencia CF', 'MC', '18.93', '5.00', 25, 957, 1, 0, 1, 0, 22, 0, 2, 64, 104, 0, 12, 0, 0, 0, 4, 0, 0, 0, 0, '\'0\'', '\'2\'', '\'05\'', '↓'),
('278', 'Baba', 57, 'UD Almería', 'MC', '14.36', '4.00', 23, 1286, 0, 0, 1, 2, 23, 12, 2, 122, 126, 0, 37, 0, 0, 1, 5, 0, 0, 0, 0, '\'7\'', '\'7\'', '\'6\'', '↑'),
('279', 'Mata', 57, 'Getafe CF', 'DL', '18.90', '6.00', 24, 1097, 3, 0, 1, 4, 18, 3, 6, 50, 178, 0, 19, 0, 0, 0, 5, 1, 0, 0, 0, '\'9\'', '\'2\'', '\'0\'', '↓'),
('28', 'Zubimendi', 156, 'Real Sociedad', 'MC', '16.16', '5.00', 25, 2147, 4, 1, 1, 0, 43, 9, 12, 172, 216, 0, 24, 0, 0, 0, 3, 0, 0, 0, 0, '\'3\'', '\'4\'', '\'4\'', '↓'),
('280', 'Alejo', 57, 'Cádiz CF', 'DL', '2.13', '4.00', 24, 1557, 0, 2, 5, 26, 15, 18, 2, 79, 304, 0, 22, 0, 0, 1, 13, 0, 0, 0, 0, '\'9\'', '\'4\'', '\'3\'', '↑'),
('281', 'Lukébakio', 57, 'Sevilla FC', 'DL', '261.00', '4.00', 12, 743, 2, 1, 0, 4, 0, 24, 8, 23, 121, 0, 9, 0, 0, 0, 0, 0, 0, 0, 0, '\'0\'', '\'0\'', '\'0\'', '↑'),
('282', 'Douvikas', 57, 'RC Celta', 'DL', '19.55', '6.00', 22, 590, 4, 0, 0, 0, 7, 6, 10, 15, 91, 0, 16, 0, 0, 0, 1, 0, 0, 0, 0, '\'0\'', '\'1\'', '\'3\'', '↑'),
('283', 'Abner', 56, 'Real Betis', 'DF', '1.02', '3.00', 23, 1163, 0, 0, 1, 2, 40, 5, 0, 76, 180, 0, 15, 0, 0, 1, 3, 0, 0, 0, 0, '\'6\'', '\'4\'', '\'5\'', '↑'),
('284', 'Rodri', 56, 'Real Betis', 'MC', '16.61', '6.00', 25, 814, 0, 0, 0, 5, 1, 15, 5, 49, 140, 0, 9, 0, 0, 0, 0, 0, 0, 0, 0, '\'5\'', '\'1\'', '\'12\'', '↑'),
('285', 'Marc', 56, 'UD Las Palmas', 'DL', '18.90', '6.00', 25, 534, 3, 1, 1, 1, 7, 6, 8, 20, 81, 0, 7, 0, 0, 0, 2, 0, 1, 0, 0, '\'9\'', '\'2\'', '\'0\'', '↓'),
('287', 'Jon Pacheco', 55, 'Real Sociedad', 'DF', '1.56', '3.00', 25, 820, 0, 1, 1, 1, 29, 1, 1, 29, 81, 0, 9, 0, 0, 0, 4, 0, 0, 0, 0, '\'4\'', '\'3\'', '\'0\'', '↓'),
('288', 'Foyth', 54, 'Villarreal CF', 'DF', '552.00', '4.00', 12, 1063, 1, 1, 1, 2, 42, 18, 3, 70, 156, 0, 20, 0, 0, 0, 1, 0, 0, 0, 0, '\'0\'', '\'0\'', '\'0\'', '↓'),
('289', 'Chumi', 54, 'UD Almería', 'DF', '196.00', '2.00', 25, 1667, 0, 1, 3, 1, 69, 3, 0, 73, 129, 0, 40, 0, 0, 1, 3, 0, 0, 0, 0, '\'0\'', '\'0\'', '\'1\'', '↓'),
('29', 'Kirian', 153, 'UD Las Palmas', 'MC', '11.89', '5.00', 25, 2137, 6, 1, 1, 5, 19, 19, 11, 181, 296, 0, 23, 0, 0, 1, 7, 0, 0, 0, 0, '\'4\'', '\'11\'', '\'9\'', '↑'),
('290', 'Valery', 54, 'Girona FC', 'DF', '876.00', '3.00', 25, 436, 2, 0, 1, 3, 2, 6, 2, 28, 57, 0, 8, 0, 0, 0, 1, 0, 0, 0, 0, '\'0\'', '\'3\'', '\'5\'', '↑'),
('291', 'Claudio Bravo', 53, 'Real Betis', 'PO', '176.00', '4.00', 10, 630, 0, 0, 0, 0, 8, 0, 0, 53, 44, 0, 5, 0, 17, 0, 0, 0, 0, 0, 0, '\'0\'', '\'0\'', '\'0\'', '↓'),
('292', 'Navas', 53, 'Sevilla FC', 'DF', '2.51', '3.00', 20, 1341, 0, 0, 1, 15, 28, 7, 2, 97, 270, 0, 22, 1, 0, 1, 3, 0, 0, 0, 0, '\'3\'', '\'3\'', '\'12\'', '↑'),
('293', 'Foulquier', 53, 'Valencia CF', 'DF', '10.24', '4.00', 21, 1094, 0, 0, 2, 2, 26, 12, 1, 77, 211, 0, 14, 0, 0, 0, 2, 0, 0, 0, 0, '\'6\'', '\'4\'', '\'6\'', '↑'),
('294', 'Mumin', 53, 'Rayo Vallecano', 'DF', '5.16', '3.00', 24, 885, 1, 0, 0, 0, 54, 0, 1, 41, 90, 0, 12, 1, 0, 0, 1, 0, 0, 0, 0, '\'3\'', '\'3\'', '\'3\'', '↓'),
('295', 'A. Rebbach', 53, 'Deportivo Alavés', 'MC', '0.00', '3.00', 26, 610, 1, 0, 2, 10, 5, 7, 4, 32, 129, 0, 5, 0, 0, 0, 1, 0, 0, 0, 0, '\'2\'', '\'0\'', '\'0\'', '1'),
('296', 'Sedlar', 52, 'Deportivo Alavés', 'DF', '622.00', '4.00', 12, 948, 1, 0, 0, 0, 42, 1, 1, 65, 66, 0, 14, 0, 0, 1, 2, 0, 0, 0, 0, '\'0\'', '\'5\'', '\'4\'', '↑'),
('297', 'Abde', 52, 'Real Betis', 'DL', '351.00', '2.00', 21, 739, 1, 0, 0, 2, 3, 20, 5, 37, 179, 0, 6, 0, 0, 0, 1, 0, 0, 0, 0, '\'2\'', '\'0\'', '\'0\'', '↓'),
('299', 'Roman Yaremchuk', 52, 'Valencia CF', 'DL', '1.02', '2.00', 19, 566, 2, 0, 0, 0, 5, 4, 8, 17, 79, 0, 8, 0, 0, 0, 1, 0, 0, 0, 0, '\'9\'', '\'0\'', '\'2\'', '↓'),
('3', 'Valles', 200, 'UD Las Palmas', 'PO', '16.64', '6.00', 26, 2340, 0, 0, 0, 0, 51, 0, 0, 235, 286, 0, 26, 0, 85, 0, 1, 0, 0, 1, 0, '\'6\'', '\'0\'', '\'2\'', '↓'),
('30', 'Guruzeta', 153, 'Athletic Club', 'DL', '14.90', '5.00', 26, 1730, 10, 3, 3, 4, 19, 13, 25, 79, 245, 1, 16, 0, 0, 1, 2, 0, 1, 0, 0, '\'0\'', '\'7\'', '\'9\'', '↑'),
('300', 'Giménez', 51, 'Atlético de Madrid', 'DF', '14.90', '4.00', 16, 782, 0, 0, 0, 0, 48, 2, 1, 46, 66, 0, 11, 0, 0, 0, 4, 0, 0, 0, 0, '\'4\'', '\'2\'', '\'0\'', '↓'),
('301', 'Mascarell', 51, 'RCD Mallorca', 'MC', '298.00', '2.00', 24, 975, 0, 0, 0, 0, 20, 4, 0, 88, 100, 0, 16, 0, 0, 0, 3, 1, 0, 0, 0, '\'5\'', '\'0\'', '\'3\'', '↓'),
('302', 'Callejon', 51, 'Granada CF', 'DL', '1.18', '2.00', 25, 631, 0, 1, 1, 8, 9, 2, 3, 41, 82, 0, 14, 0, 0, 0, 0, 0, 0, 0, 0, '\'3\'', '\'1\'', '\'1\'', '↓'),
('304', 'Carlos Domínguez', 51, 'RC Celta', 'DF', '680.00', '3.00', 25, 994, 0, 0, 0, 0, 54, 2, 0, 65, 123, 0, 16, 0, 0, 0, 1, 0, 0, 0, 0, '\'0\'', '\'0\'', '\'2\'', '↓'),
('305', 'Zakharyan', 51, 'Real Sociedad', 'MC', '736.00', '2.00', 18, 689, 0, 1, 1, 14, 2, 5, 5, 35, 135, 0, 8, 0, 0, 0, 1, 0, 0, 0, 0, '\'5\'', '\'0\'', '\'3\'', '↑'),
('306', 'Prados', 51, 'Athletic Club', 'MC', '20.14', '5.00', 22, 675, 0, 0, 0, 1, 12, 4, 3, 71, 88, 0, 9, 0, 0, 0, 0, 0, 0, 0, 0, '\'8\'', '\'4\'', '\'6\'', '↑'),
('307', 'Fekir', 49, 'Real Betis', 'MC', '8.69', '5.00', 10, 493, 0, 2, 2, 6, 0, 11, 4, 21, 85, 0, 5, 0, 0, 0, 0, 0, 0, 0, 0, '\'4\'', '\'2\'', '\'2\'', '↓'),
('308', 'Latasa', 49, 'Getafe CF', 'DL', '17.25', '5.00', 25, 1126, 2, 0, 1, 0, 16, 5, 12, 22, 196, 0, 16, 0, 0, 1, 3, 1, 1, 0, 0, '\'2\'', '\'0\'', '\'1\'', '↓'),
('309', 'Maffeo', 48, 'RCD Mallorca', 'DF', '2.09', '3.00', 18, 1122, 0, 2, 1, 11, 15, 13, 3, 75, 229, 0, 16, 1, 0, 0, 3, 0, 0, 0, 0, '\'3\'', '\'12\'', '\'3\'', '↑'),
('31', 'Aspas', 151, 'RC Celta', 'DL', '17.64', '5.00', 25, 1798, 5, 5, 11, 45, 4, 18, 19, 69, 310, 2, 27, 1, 0, 0, 5, 0, 0, 0, 0, '\'9\'', '\'11\'', '\'9\'', '↑'),
('310', 'Aleñá', 48, 'Getafe CF', 'MC', '196.00', '2.00', 26, 784, 1, 1, 2, 12, 7, 3, 4, 43, 117, 0, 17, 0, 0, 0, 4, 0, 0, 0, 0, '\'0\'', '\'3\'', '\'0\'', '↑'),
('311', 'Alderete', 48, 'Getafe CF', 'DF', '1.42', '3.00', 24, 1269, 0, 1, 0, 0, 73, 4, 2, 80, 228, 0, 20, 1, 0, 0, 5, 0, 0, 0, 0, '\'3\'', '\'3\'', '\'1\'', '↓'),
('312', 'Ibañez', 48, 'C.A. Osasuna', 'MC', '518.00', '2.00', 23, 561, 1, 1, 2, 3, 5, 3, 5, 36, 76, 0, 13, 0, 0, 0, 4, 0, 0, 0, 0, '\'2\'', '\'2\'', '\'2\'', '↓'),
('313', 'Pejiño', 48, 'UD Las Palmas', 'DL', '160.00', '3.00', 23, 477, 2, 0, 0, 3, 3, 16, 8, 23, 103, 0, 5, 0, 0, 0, 1, 0, 0, 0, 0, '\'0\'', '\'0\'', '\'0\'', '↓'),
('314', 'Johnny', 48, 'Real Betis', 'MC', '185.00', '2.00', 6, 523, 1, 1, 0, 0, 15, 4, 1, 51, 46, 0, 4, 0, 0, 0, 1, 0, 1, 0, 0, '\'0\'', '\'0\'', '\'0\'', '↓'),
('316', 'Jaume Costa', 47, 'RCD Mallorca', 'DF', '4.99', '3.00', 25, 1229, 0, 0, 0, 8, 22, 7, 1, 80, 195, 0, 20, 0, 0, 0, 6, 0, 0, 0, 0, '\'6\'', '\'0\'', '\'3\'', '↓'),
('317', 'Benavidez', 47, 'Deportivo Alavés', 'MC', '15.04', '5.00', 22, 554, 1, 1, 1, 0, 15, 1, 3, 53, 90, 0, 10, 0, 0, 2, 2, 0, 0, 0, 0, '\'2\'', '\'5\'', '\'5\'', '↑'),
('318', 'Pablo Torre', 47, 'Girona FC', 'MC', '1.63', '3.00', 25, 497, 0, 2, 0, 0, 3, 5, 1, 29, 82, 0, 8, 0, 0, 0, 0, 0, 0, 0, 0, '\'3\'', '\'3\'', '\'4\'', '↑'),
('319', 'Kieran Tierney', 47, 'Real Sociedad', 'DF', '1.84', '3.00', 13, 724, 0, 1, 1, 2, 22, 3, 0, 48, 140, 0, 6, 0, 0, 0, 1, 0, 0, 0, 0, '\'0\'', '\'0\'', '\'0\'', '↓'),
('32', 'Budimir', 148, 'C.A. Osasuna', 'DL', '16.47', '6.00', 26, 1981, 13, 2, 4, 1, 15, 8, 28, 50, 275, 0, 33, 0, 0, 0, 4, 0, 2, 0, 0, '\'10\'', '\'16\'', '\'2\'', '↑'),
('320', 'Ianis Hagi', 47, 'Deportivo Alavés', 'MC', '161.00', '3.00', 22, 567, 0, 1, 2, 12, 3, 9, 6, 17, 109, 1, 8, 0, 0, 0, 2, 0, 0, 0, 0, '\'2\'', '\'0\'', '\'0\'', '↓'),
('322', 'Sobrino', 45, 'Cádiz CF', 'DL', '19.99', '6.00', 23, 939, 0, 0, 1, 3, 7, 9, 1, 92, 140, 0, 15, 1, 0, 0, 6, 0, 0, 0, 0, '\'4\'', '\'4\'', '\'4\'', '↑'),
('323', 'Reinildo', 44, 'Atlético de Madrid', 'DF', '10.34', '4.00', 12, 401, 1, 1, 1, 0, 13, 3, 2, 42, 40, 0, 3, 0, 0, 0, 1, 0, 0, 0, 0, '\'6\'', '\'3\'', '\'2\'', '↓'),
('325', 'Amallah', 44, 'Valencia CF', 'MC', '9.90', '4.00', 15, 555, 0, 1, 1, 0, 3, 17, 4, 45, 99, 0, 5, 0, 0, 0, 3, 1, 0, 0, 0, '\'5\'', '\'4\'', '\'5\'', '↑'),
('326', 'Iñaki Peña', 44, 'FC Barcelona', 'PO', '1.94', '4.00', 23, 900, 0, 0, 0, 0, 13, 0, 0, 63, 38, 0, 17, 0, 22, 0, 0, 0, 0, 0, 0, '\'0\'', '\'0\'', '\'0\'', '↓'),
('328', 'Pedraza', 42, 'Villarreal CF', 'DF', '3.83', '3.00', 14, 962, 1, 2, 4, 14, 13, 7, 3, 57, 149, 0, 23, 1, 0, 0, 4, 0, 0, 0, 0, '\'0\'', '\'3\'', '\'0\'', '↓'),
('329', 'Juan Cruz', 42, 'C.A. Osasuna', 'DF', '160.00', '3.00', 23, 1315, 0, 1, 1, 4, 33, 2, 0, 71, 201, 0, 23, 0, 0, 0, 3, 0, 0, 0, 0, '\'2\'', '\'2\'', '\'0\'', '↓'),
('33', 'Jörgensen', 144, 'Villarreal CF', 'PO', '10.08', '4.00', 26, 2340, 0, 0, 0, 0, 22, 1, 0, 219, 199, 0, 48, 0, 103, 1, 2, 0, 0, 0, 0, '\'7\'', '\'2\'', '\'6\'', '↑'),
('330', 'William Carvalho', 42, 'Real Betis', 'MC', '18.93', '5.00', 14, 389, 0, 2, 0, 0, 4, 4, 2, 40, 66, 0, 1, 0, 0, 0, 1, 0, 0, 0, 0, '\'0\'', '\'2\'', '\'05\'', '↓'),
('331', 'Melendo', 42, 'Granada CF', 'MC', '11.89', '5.00', 25, 969, 0, 0, 0, 3, 2, 9, 2, 52, 102, 0, 20, 0, 0, 1, 2, 0, 0, 0, 0, '\'4\'', '\'11\'', '\'9\'', '↑'),
('333', 'Rafa Mir', 42, 'Sevilla FC', 'DL', '2.83', '4.00', 23, 382, 2, 0, 0, 1, 1, 2, 7, 11, 42, 0, 4, 0, 0, 0, 1, 0, 0, 0, 0, '\'04\'', '\'0\'', '\'0\'', '↓'),
('334', 'Luis Suárez', 42, 'UD Almería', 'DL', '3.77', '3.00', 10, 720, 4, 0, 1, 1, 7, 7, 13, 16, 71, 0, 20, 0, 0, 0, 2, 0, 0, 0, 0, '\'2\'', '\'2\'', '\'1\'', '↓'),
('335', 'Kike Salas', 42, 'Sevilla FC', 'DF', '622.00', '4.00', 14, 556, 1, 0, 1, 1, 36, 0, 2, 38, 85, 0, 9, 0, 0, 0, 1, 0, 0, 0, 0, '\'0\'', '\'5\'', '\'4\'', '↑'),
('336', 'Muniain', 41, 'Athletic Club', 'MC', '9.90', '4.00', 26, 386, 1, 0, 0, 9, 0, 7, 7, 21, 71, 0, 10, 0, 0, 0, 1, 0, 0, 0, 0, '\'5\'', '\'4\'', '\'5\'', '↑'),
('337', 'Melero', 41, 'UD Almería', 'MC', '11.89', '5.00', 23, 925, 0, 1, 2, 0, 8, 7, 4, 36, 111, 0, 26, 0, 0, 0, 3, 0, 0, 0, 0, '\'4\'', '\'11\'', '\'9\'', '↑'),
('338', 'Antonio Puertas', 41, 'Granada CF', 'MC', '164.00', '1.00', 24, 613, 0, 2, 0, 3, 4, 15, 5, 30, 92, 1, 18, 1, 0, 0, 2, 0, 0, 0, 0, '\'0\'', '\'0\'', '\'1\'', '↑'),
('339', 'Altimira', 41, 'Real Betis', 'MC', '5.88', '4.00', 24, 503, 1, 0, 0, 1, 10, 6, 1, 45, 46, 0, 11, 0, 0, 0, 1, 0, 0, 0, 0, '\'4\'', '\'5\'', '\'6\'', '↑'),
('34', 'Sivera', 144, 'Deportivo Alavés', 'PO', '10.01', '4.00', 26, 2340, 0, 0, 0, 0, 27, 0, 0, 199, 325, 0, 32, 0, 71, 0, 2, 0, 0, 0, 0, '\'4\'', '\'8\'', '\'5\'', '↑'),
('340', 'Sergi Roberto', 40, 'FC Barcelona', 'DF', '833.00', '6.00', 16, 357, 3, 1, 0, 3, 0, 0, 5, 24, 32, 0, 6, 0, 0, 0, 1, 0, 0, 0, 0, '\'0\'', '\'0\'', '\'0\'', '↓'),
('341', 'Kike Pérez', 40, 'Rayo Vallecano', 'MC', '2.45', '3.00', 24, 746, 1, 0, 0, 1, 5, 4, 6, 59, 143, 0, 11, 0, 0, 0, 7, 0, 0, 0, 0, '\'2\'', '\'2\'', '\'3\'', '↓'),
('342', 'Damián', 40, 'Getafe CF', 'DF', '1.77', '3.00', 18, 1306, 0, 2, 0, 16, 28, 9, 1, 87, 236, 0, 22, 1, 0, 1, 7, 0, 0, 0, 0, '\'2\'', '\'2\'', '\'2\'', '↓'),
('343', 'Iván Villar', 39, 'RC Celta', 'PO', '204.00', '3.00', 23, 835, 0, 0, 0, 0, 9, 0, 0, 77, 103, 0, 15, 1, 27, 2, 0, 0, 0, 1, 0, '\'0\'', '\'0\'', '\'0\'', '↑'),
('344', 'Marc Pubill', 39, 'UD Almería', 'DF', '1.49', '4.00', 11, 895, 1, 1, 1, 5, 20, 17, 2, 49, 159, 0, 17, 0, 0, 0, 2, 0, 0, 0, 0, '\'6\'', '\'12\'', '\'5\'', '↑'),
('345', 'Iñigo Martínez', 39, 'FC Barcelona', 'DF', '5.27', '3.00', 16, 686, 0, 0, 0, 1, 33, 0, 1, 54, 80, 0, 10, 0, 0, 0, 3, 0, 0, 0, 0, '\'1\'', '\'7\'', '\'4\'', '↑'),
('346', 'Maxi Gómez', 39, 'Cádiz CF', 'DL', '185.00', '2.00', 24, 810, 0, 0, 1, 1, 3, 4, 5, 13, 120, 0, 17, 0, 0, 0, 2, 0, 0, 0, 0, '\'1\'', '\'2\'', '\'4\'', '↓'),
('347', 'Javi Galán', 38, 'Real Sociedad', 'DF', '10.71', '4.00', 25, 533, 0, 0, 2, 12, 7, 8, 0, 38, 102, 0, 6, 0, 0, 0, 2, 0, 0, 0, 0, '\'0\'', '\'8\'', '\'3\'', '↑'),
('348', 'Chust', 38, 'Cádiz CF', 'DF', '14.99', '5.00', 17, 902, 0, 0, 0, 0, 36, 0, 0, 37, 100, 0, 11, 1, 0, 0, 0, 0, 0, 0, 0, '\'5\'', '\'0\'', '\'0\'', '↑'),
('349', 'Swedberg', 38, 'RC Celta', 'MC', '214.00', '4.00', 24, 125, 3, 0, 0, 0, 2, 5, 3, 9, 20, 0, 6, 0, 0, 0, 0, 0, 0, 0, 0, '\'0\'', '\'3\'', '\'10\'', '↑'),
('35', 'Mamardashvili', 142, 'Valencia CF', 'PO', '11.14', '5.00', 25, 2250, 0, 0, 0, 0, 22, 0, 0, 208, 334, 0, 29, 0, 70, 1, 2, 0, 0, 1, 0, '\'3\'', '\'1\'', '\'3\'', '↓'),
('350', 'Torrente', 38, 'Granada CF', 'DF', '1.06', '3.00', 21, 1034, 0, 0, 1, 0, 52, 0, 0, 60, 135, 0, 21, 0, 0, 1, 3, 0, 0, 0, 1, '\'0\'', '\'0\'', '\'0\'', '↓'),
('351', 'Yeray', 37, 'Athletic Club', 'DF', '3.83', '3.00', 12, 540, 0, 0, 0, 0, 18, 0, 2, 42, 62, 0, 7, 0, 0, 0, 1, 0, 0, 0, 0, '\'0\'', '\'3\'', '\'0\'', '↓'),
('352', 'Carmona', 37, 'Getafe CF', 'DF', '16.35', '6.00', 19, 675, 1, 1, 0, 4, 8, 2, 2, 50, 108, 0, 14, 0, 0, 0, 4, 0, 0, 0, 0, '\'7\'', '\'03\'', '\'0\'', '↓'),
('353', 'Bebé', 36, 'Rayo Vallecano', 'DL', '1.91', '3.00', 22, 126, 2, 0, 0, 4, 0, 9, 4, 9, 48, 0, 2, 0, 0, 0, 1, 0, 0, 0, 0, '\'0\'', '\'0\'', '\'3\'', '↓'),
('354', 'Amath', 36, 'RCD Mallorca', 'DL', '4.95', '3.00', 23, 387, 0, 0, 1, 2, 5, 9, 3, 24, 82, 0, 4, 0, 0, 0, 2, 0, 1, 0, 0, '\'7\'', '\'2\'', '\'4\'', '↑'),
('356', 'Acuña', 35, 'Sevilla FC', 'DF', '207.00', '3.00', 14, 704, 0, 1, 1, 13, 13, 5, 3, 61, 136, 0, 13, 0, 0, 0, 3, 0, 0, 0, 0, '\'0\'', '\'0\'', '\'0\'', '↑'),
('357', 'Kiko Femenía', 35, 'Villarreal CF', 'DF', '1.35', '2.00', 26, 681, 0, 0, 1, 2, 14, 3, 0, 55, 105, 0, 8, 0, 0, 0, 4, 0, 0, 0, 0, '\'5\'', '\'4\'', '\'0\'', '↓'),
('358', 'Guardado', 35, 'Real Betis', 'MC', '20.54', '6.00', 18, 442, 0, 0, 0, 5, 5, 6, 0, 43, 59, 0, 4, 0, 0, 0, 2, 0, 0, 0, 0, '\'5\'', '\'3\'', '\'3\'', '↓'),
('359', 'Carlos Fernández', 35, 'Real Sociedad', 'DL', '160.00', '3.00', 17, 406, 2, 1, 1, 0, 5, 3, 4, 18, 74, 0, 3, 0, 0, 1, 3, 0, 0, 0, 0, '\'0\'', '\'0\'', '\'0\'', '↓'),
('36', 'Morata', 142, 'Atlético de Madrid', 'DL', '18.90', '6.00', 23, 1498, 13, 1, 1, 2, 23, 14, 28, 37, 155, 0, 18, 0, 0, 0, 1, 1, 1, 0, 0, '\'9\'', '\'2\'', '\'0\'', '↓'),
('360', 'Mitrovic', 34, 'Getafe CF', 'DF', '1.78', '3.00', 21, 700, 1, 0, 1, 0, 25, 2, 1, 32, 66, 0, 11, 0, 0, 1, 3, 0, 0, 0, 0, '\'3\'', '\'7\'', '\'4\'', '↑'),
('361', 'Coquelin', 34, 'Villarreal CF', 'MC', '7.88', '3.00', 9, 552, 0, 0, 0, 1, 13, 1, 0, 41, 44, 0, 5, 0, 0, 0, 1, 0, 0, 0, 0, '\'1\'', '\'4\'', '\'4\'', '↓'),
('363', 'Diao', 34, 'Real Betis', 'DL', '14.10', '5.00', 18, 877, 0, 0, 0, 1, 5, 12, 1, 41, 170, 0, 7, 0, 0, 0, 4, 0, 0, 0, 0, '\'9\'', '\'3\'', '\'3\'', '↓'),
('364', 'Sokratis', 34, 'Real Betis', 'DF', '566.00', '2.00', 7, 605, 0, 0, 0, 0, 32, 0, 1, 27, 35, 0, 7, 0, 0, 0, 5, 0, 0, 0, 0, '\'0\'', '\'0\'', '\'2\'', '↓'),
('365', 'Meré', 33, 'Cádiz CF', 'DF', '10.24', '4.00', 21, 586, 0, 0, 0, 0, 28, 1, 1, 38, 48, 0, 11, 0, 0, 0, 0, 0, 0, 0, 0, '\'6\'', '\'4\'', '\'6\'', '↑'),
('367', 'Óscar', 33, 'Getafe CF', 'MC', '5.88', '4.00', 21, 331, 1, 0, 0, 3, 2, 5, 4, 30, 72, 0, 3, 0, 0, 0, 5, 0, 0, 0, 0, '\'4\'', '\'5\'', '\'6\'', '↑'),
('368', 'Cenk', 32, 'Valencia CF', 'DF', '2.28', '3.00', 23, 778, 0, 0, 0, 1, 38, 2, 0, 51, 99, 0, 12, 0, 0, 0, 2, 0, 0, 0, 1, '\'3\'', '\'0\'', '\'2\'', '↓'),
('369', 'Chavarría', 32, 'Rayo Vallecano', 'DF', '16.35', '6.00', 25, 527, 0, 1, 0, 5, 12, 5, 0, 37, 102, 0, 9, 0, 0, 0, 2, 1, 0, 0, 0, '\'7\'', '\'03\'', '\'0\'', '↓'),
('37', 'Sergio Herrera', 141, 'C.A. Osasuna', 'PO', '7.27', '4.00', 26, 1970, 0, 0, 0, 0, 18, 0, 0, 213, 299, 0, 30, 0, 53, 0, 2, 0, 0, 1, 0, '\'6\'', '\'8\'', '\'5\'', '↑'),
('370', 'Miguel Rubio', 32, 'Granada CF', 'DF', '10.36', '4.00', 18, 750, 1, 0, 0, 0, 30, 3, 2, 56, 91, 0, 18, 0, 0, 0, 1, 0, 0, 0, 0, '\'3\'', '\'7\'', '\'2\'', '↑'),
('371', 'Almeida', 32, 'Valencia CF', 'MC', '196.00', '2.00', 8, 484, 0, 1, 1, 3, 1, 7, 2, 19, 66, 0, 6, 0, 0, 0, 0, 0, 0, 0, 0, '\'0\'', '\'3\'', '\'0\'', '↑'),
('372', 'Dotor', 32, 'RC Celta', 'MC', '0.00', '2.00', 23, 687, 0, 0, 0, 1, 2, 3, 0, 51, 82, 0, 12, 0, 0, 0, 2, 0, 0, 0, 0, '\'0\'', '\'0\'', '\'0\'', '1'),
('373', 'Tenaglia', 32, 'Deportivo Alavés', 'DF', '12.28', '4.00', 23, 477, 1, 0, 0, 1, 28, 1, 1, 23, 55, 0, 12, 0, 0, 0, 2, 0, 0, 0, 0, '\'5\'', '\'3\'', '\'0\'', '↓'),
('374', 'César Montes', 32, 'UD Almería', 'DF', '14.49', '4.00', 18, 1082, 0, 0, 0, 2, 54, 1, 1, 46, 141, 0, 26, 0, 0, 0, 3, 0, 0, 0, 0, '\'6\'', '\'2\'', '\'5\'', '↑'),
('375', 'Ristic', 32, 'RC Celta', 'DF', '10.34', '4.00', 16, 763, 0, 0, 0, 8, 18, 6, 4, 73, 168, 0, 13, 0, 0, 0, 2, 0, 0, 0, 0, '\'6\'', '\'3\'', '\'2\'', '↓'),
('376', 'Kouame', 32, 'Cádiz CF', 'MC', '9.94', '4.00', 17, 542, 0, 0, 0, 1, 5, 6, 0, 46, 39, 0, 11, 0, 0, 0, 2, 0, 0, 0, 0, '\'2\'', '\'6\'', '\'1\'', '↑'),
('377', 'Guedes', 31, 'Villarreal CF', 'DL', '10.24', '4.00', 6, 293, 1, 2, 2, 1, 1, 3, 3, 6, 41, 0, 6, 0, 0, 0, 0, 0, 0, 0, 0, '\'2\'', '\'3\'', '\'3\'', '↑'),
('378', 'Pozo', 30, 'UD Almería', 'DF', '6.06', '4.00', 24, 842, 0, 0, 0, 11, 15, 1, 2, 51, 165, 0, 22, 0, 0, 0, 3, 0, 0, 0, 0, '\'5\'', '\'01\'', '\'3\'', '↓'),
('38', 'Larsen', 141, 'RC Celta', 'DL', '15.11', '5.00', 26, 2069, 9, 2, 3, 3, 14, 25, 24, 66, 285, 0, 26, 0, 0, 0, 3, 0, 1, 0, 0, '\'9\'', '\'3\'', '\'3\'', '↓'),
('380', 'Jesús Vázquez', 29, 'Valencia CF', 'DF', '4.68', '3.00', 18, 292, 1, 0, 0, 3, 4, 1, 1, 20, 65, 0, 4, 0, 0, 0, 1, 0, 0, 0, 0, '\'5\'', '\'4\'', '\'5\'', '↑'),
('381', 'Terrats', 29, 'Villarreal CF', 'MC', '12.00', '5.00', 18, 614, 0, 1, 1, 2, 3, 9, 1, 31, 90, 0, 17, 0, 0, 1, 3, 0, 0, 0, 0, '\'2\'', '\'4\'', '\'2\'', '↓'),
('382', 'Villalibre', 29, 'Athletic Club', 'DL', '0.00', '2.00', 27, 316, 1, 1, 1, 0, 4, 1, 2, 10, 41, 0, 5, 0, 0, 0, 0, 0, 0, 0, 0, '\'1\'', '\'0\'', '\'0\'', '1'),
('383', 'Lamela', 29, 'Sevilla FC', 'DL', '14.30', '5.00', 13, 378, 2, 0, 2, 2, 4, 4, 5, 20, 56, 0, 6, 0, 0, 0, 3, 0, 0, 0, 0, '\'16\'', '\'9\'', '\'0\'', '↑'),
('384', 'Sergi Guardiola', 29, 'Cádiz CF', 'DL', '0.00', '2.00', 21, 335, 0, 1, 1, 1, 4, 6, 2, 22, 61, 0, 6, 0, 0, 0, 1, 0, 0, 0, 0, '\'2\'', '\'2\'', '\'6\'', '1'),
('385', 'Carlos Vicente', 29, 'Deportivo Alavés', 'DL', '2.84', '3.00', 6, 328, 0, 2, 1, 9, 2, 4, 1, 17, 73, 0, 3, 0, 0, 0, 0, 0, 0, 0, 0, '\'2\'', '\'3\'', '\'2\'', '↓'),
('386', 'Mandi', 28, 'Villarreal CF', 'DF', '5.27', '3.00', 20, 665, 1, 0, 1, 0, 25, 0, 2, 36, 38, 0, 15, 0, 0, 1, 2, 0, 0, 0, 0, '\'1\'', '\'7\'', '\'4\'', '↑'),
('387', 'Domingos Duarte', 28, 'Getafe CF', 'DF', '2.98', '3.00', 24, 815, 0, 0, 0, 1, 22, 1, 0, 48, 87, 0, 15, 1, 0, 0, 3, 1, 0, 0, 0, '\'4\'', '\'4\'', '\'0\'', '↑'),
('388', 'Gabbia', 28, 'Villarreal CF', 'DF', '9.68', '4.00', 15, 478, 0, 0, 0, 0, 36, 0, 0, 26, 35, 0, 10, 0, 0, 0, 2, 0, 0, 0, 0, '\'7\'', '\'6\'', '\'0\'', '↑'),
('389', 'Dani García', 28, 'Athletic Club', 'MC', '20.54', '6.00', 17, 430, 1, 0, 0, 0, 4, 1, 3, 29, 34, 0, 8, 0, 0, 0, 3, 0, 0, 0, 0, '\'5\'', '\'3\'', '\'3\'', '↓'),
('39', 'Hugo Duro', 140, 'Valencia CF', 'DL', '14.10', '5.00', 25, 2082, 10, 2, 3, 0, 15, 9, 20, 73, 220, 0, 24, 0, 0, 0, 2, 0, 2, 0, 0, '\'9\'', '\'3\'', '\'3\'', '↓'),
('390', 'Batalla', 28, 'Granada CF', 'PO', '4.92', '4.00', 6, 540, 0, 0, 0, 0, 3, 1, 0, 64, 93, 0, 9, 0, 21, 0, 3, 0, 0, 0, 0, '\'7\'', '\'3\'', '\'3\'', '↓'),
('391', 'Fernando', 27, 'Sevilla FC', 'MC', '11.89', '5.00', 11, 459, 0, 0, 1, 2, 8, 2, 0, 43, 41, 0, 10, 0, 0, 0, 0, 0, 0, 0, 0, '\'4\'', '\'11\'', '\'9\'', '↑'),
('392', 'Cervi', 27, 'RC Celta', 'MC', '11.89', '5.00', 19, 433, 0, 0, 1, 1, 2, 1, 1, 46, 66, 0, 8, 0, 0, 0, 1, 0, 0, 0, 0, '\'4\'', '\'11\'', '\'9\'', '↑'),
('393', 'Falcao', 27, 'Rayo Vallecano', 'DL', '858.00', '3.00', 24, 189, 1, 0, 1, 0, 3, 2, 3, 15, 20, 0, 3, 0, 0, 0, 2, 0, 0, 0, 0, '\'0\'', '\'0\'', '\'2\'', '↓'),
('394', 'Fornals', 27, 'Real Betis', 'MC', '1.01', '3.00', 3, 269, 1, 0, 2, 4, 2, 3, 1, 22, 48, 0, 1, 0, 0, 0, 0, 0, 0, 0, 0, '\'3\'', '\'5\'', '\'3\'', '↑'),
('395', 'Sabaly', 26, 'Real Betis', 'DF', '2.83', '4.00', 7, 360, 0, 1, 1, 2, 11, 6, 0, 33, 53, 0, 6, 0, 0, 0, 0, 0, 0, 0, 0, '\'0\'', '\'0\'', '\'6\'', '↑');
INSERT INTO `jugadores` (`id_jugador`, `Nombre`, `Puntos`, `Equipo`, `Posicion`, `Precio`, `Media`, `Partidos`, `Minutos`, `Goles`, `Asistencias`, `Asistencias_sin_gol`, `Balones_al_area`, `Despejes`, `Regates`, `Tiros_a_puerta`, `Balones_recuperados`, `Posesiones_perdidas`, `Penaltis_fallados`, `Goles_en_contra`, `Tarjetas_rojas`, `Paradas`, `Penaltis_cometidos`, `Tarjetas_amarillas`, `Segundas_amarillas`, `Penaltis_provocados`, `Penalties_parados`, `Goles_en_propia`, `Antepenultima_Jornada`, `Penultima_Jornada`, `Ultima_Jornada`, `Flecha`) VALUES
('396', 'Lázaro', 26, 'UD Almería', 'DL', '3.28', '3.00', 23, 275, 0, 0, 0, 3, 1, 6, 4, 14, 55, 0, 10, 0, 0, 0, 0, 0, 0, 0, 0, '\'0\'', '\'3\'', '\'2\'', '↑'),
('397', 'Sory Kaba', 26, 'UD Las Palmas', 'DL', '17.25', '5.00', 22, 436, 1, 1, 0, 0, 7, 8, 1, 10, 81, 0, 6, 0, 0, 0, 2, 0, 0, 0, 0, '\'2\'', '\'0\'', '\'1\'', '↓'),
('398', 'Javi Llabrés', 26, 'RCD Mallorca', 'DL', '160.00', '2.00', 19, 86, 1, 0, 0, 1, 2, 3, 2, 9, 28, 0, 2, 0, 0, 0, 0, 0, 0, 0, 0, '\'0\'', '\'0\'', '\'2\'', '↓'),
('399', 'Unai García', 25, 'C.A. Osasuna', 'DF', '9.68', '4.00', 19, 327, 1, 0, 0, 0, 12, 0, 1, 19, 32, 0, 3, 0, 0, 0, 1, 1, 0, 0, 0, '\'7\'', '\'6\'', '\'0\'', '↑'),
('4', 'Aleix García', 199, 'Girona FC', 'MC', '20.54', '6.00', 25, 2230, 3, 5, 6, 52, 34, 10, 10, 184, 273, 0, 31, 1, 0, 0, 3, 0, 0, 0, 0, '\'5\'', '\'3\'', '\'3\'', '↓'),
('40', 'Ledesma', 138, 'Cádiz CF', 'PO', '9.85', '4.00', 23, 2059, 0, 0, 0, 0, 31, 1, 0, 240, 334, 0, 35, 0, 75, 0, 0, 0, 0, 0, 0, '\'6\'', '\'1\'', '\'2\'', '↓'),
('400', 'Juanpe', 25, 'Girona FC', 'DF', '2.98', '3.00', 25, 505, 0, 0, 0, 0, 35, 0, 0, 19, 37, 0, 11, 0, 0, 0, 4, 0, 0, 0, 0, '\'4\'', '\'4\'', '\'0\'', '↑'),
('402', 'André Silva', 25, 'Real Sociedad', 'DL', '1.08', '2.00', 16, 430, 0, 0, 0, 0, 2, 2, 3, 17, 48, 0, 3, 0, 0, 0, 1, 0, 0, 0, 0, '\'2\'', '\'1\'', '\'3\'', '↓'),
('403', 'Herrando', 25, 'C.A. Osasuna', 'DF', '10.62', '4.00', 22, 485, 0, 0, 0, 0, 22, 1, 0, 19, 41, 0, 5, 0, 0, 0, 0, 0, 0, 0, 0, '\'0\'', '\'4\'', '\'2\'', '↓'),
('404', 'Herzog', 25, 'UD Las Palmas', 'DF', '9.32', '4.00', 15, 201, 1, 0, 0, 0, 12, 0, 1, 10, 20, 0, 1, 0, 0, 0, 1, 0, 0, 0, 0, '\'3\'', '\'0\'', '\'0\'', '↓'),
('405', 'Jailson', 25, 'RC Celta', 'MC', '1.04', '2.00', 7, 306, 0, 1, 1, 1, 11, 5, 1, 33, 44, 0, 5, 0, 0, 0, 1, 0, 0, 0, 0, '\'1\'', '\'0\'', '\'2\'', '↓'),
('406', 'Luis Hernández', 24, 'Cádiz CF', 'DF', '165.00', '3.00', 9, 722, 1, 0, 0, 0, 24, 0, 1, 33, 108, 0, 13, 0, 0, 0, 4, 0, 0, 0, 0, '\'0\'', '\'0\'', '\'2\'', '↓'),
('407', 'Nacho Vidal', 24, 'RCD Mallorca', 'DF', '0.00', '3.00', 25, 228, 1, 0, 0, 2, 8, 2, 2, 6, 47, 0, 4, 0, 0, 0, 1, 0, 0, 0, 0, '\'2\'', '\'0\'', '\'2\'', '1'),
('408', 'David Gil', 23, 'Cádiz CF', 'PO', '191.00', '5.00', 25, 281, 0, 0, 0, 0, 5, 0, 0, 30, 54, 0, 2, 0, 10, 0, 1, 0, 0, 0, 0, '\'0\'', '\'0\'', '\'0\'', '↓'),
('409', 'Aidoo', 23, 'RC Celta', 'DF', '1.71', '3.00', 9, 406, 0, 0, 0, 0, 27, 2, 0, 25, 45, 0, 6, 0, 0, 0, 0, 0, 0, 0, 0, '\'3\'', '\'6\'', '\'7\'', '↑'),
('41', 'Rajkovic', 137, 'RCD Mallorca', 'PO', '7.21', '4.00', 27, 2340, 0, 0, 0, 0, 23, 2, 0, 202, 368, 0, 34, 0, 67, 0, 2, 0, 0, 0, 0, '\'3\'', '\'6\'', '\'3\'', '↓'),
('410', 'Ceballos', 23, 'Real Madrid', 'MC', '3.44', '7.00', 18, 226, 0, 0, 1, 0, 0, 4, 0, 12, 39, 0, 2, 0, 0, 0, 1, 0, 0, 0, 0, '\'10\'', '\'5\'', '\'14\'', '↑'),
('412', 'Pau Cubarsí', 23, 'FC Barcelona', 'DF', '2.88', '5.00', 12, 569, 0, 0, 0, 0, 20, 0, 0, 26, 56, 0, 11, 0, 0, 0, 0, 0, 0, 0, 0, '\'5\'', '\'5\'', '\'8\'', '↑'),
('414', 'Alkain', 22, 'Deportivo Alavés', 'MC', '1.88', '3.00', 26, 272, 0, 0, 1, 3, 2, 3, 0, 17, 44, 0, 5, 0, 0, 0, 1, 0, 0, 0, 0, '\'4\'', '\'4\'', '\'2\'', '↓'),
('416', 'Yéremy Pino', 22, 'Villarreal CF', 'DL', '160.00', '3.00', 8, 479, 0, 0, 0, 3, 4, 9, 4, 34, 65, 0, 7, 0, 0, 0, 4, 0, 0, 0, 0, '\'0\'', '\'0\'', '\'0\'', '↓'),
('418', 'Jhon Solis', 22, 'Girona FC', 'MC', '200.00', '1.00', 21, 156, 0, 0, 0, 0, 3, 3, 2, 14, 33, 0, 2, 0, 0, 0, 0, 0, 0, 0, 0, '\'2\'', '\'1\'', '\'1\'', '↑'),
('419', 'Pellistri', 22, 'Granada CF', 'DL', '6.02', '7.00', 3, 236, 1, 1, 0, 2, 1, 2, 2, 11, 34, 0, 4, 0, 0, 0, 0, 0, 0, 0, 0, '\'4\'', '\'12\'', '\'6\'', '↑'),
('42', 'Mika Marmol', 136, 'UD Las Palmas', 'DF', '12.20', '4.00', 24, 2120, 0, 0, 0, 1, 111, 14, 0, 149, 213, 0, 23, 0, 0, 1, 3, 1, 0, 0, 0, '\'5\'', '\'1\'', '\'4\'', '↑'),
('420', 'Kevin Vázquez', 21, 'RC Celta', 'DF', '4.68', '3.00', 26, 634, 0, 0, 0, 3, 19, 1, 1, 31, 95, 0, 11, 0, 0, 1, 3, 0, 0, 0, 0, '\'5\'', '\'4\'', '\'5\'', '↑'),
('421', 'Copete', 21, 'RCD Mallorca', 'DF', '14.99', '5.00', 26, 766, 0, 0, 0, 1, 27, 1, 0, 58, 72, 0, 15, 0, 0, 1, 4, 0, 0, 0, 0, '\'5\'', '\'0\'', '\'0\'', '↑'),
('423', 'Carles Pérez', 21, 'RC Celta', 'DL', '7.16', '5.00', 20, 439, 0, 0, 1, 2, 2, 8, 1, 25, 69, 0, 7, 0, 0, 0, 1, 0, 0, 0, 0, '\'0\'', '\'0\'', '\'0\'', '↓'),
('424', 'Vieites', 21, 'Real Betis', 'PO', '0.00', '5.00', 19, 225, 0, 0, 0, 0, 4, 0, 0, 21, 31, 0, 4, 0, 10, 0, 0, 0, 0, 0, 0, '\'0\'', '\'0\'', '\'0\'', '1'),
('425', 'Carreras', 21, 'Granada CF', 'DF', '16.35', '6.00', 10, 345, 0, 0, 1, 5, 3, 4, 1, 23, 63, 0, 8, 0, 0, 0, 0, 0, 0, 0, 0, '\'7\'', '\'03\'', '\'0\'', '↓'),
('426', 'Kaiky', 20, 'UD Almería', 'DF', '1.39', '3.00', 22, 520, 1, 0, 0, 0, 28, 4, 1, 17, 46, 0, 19, 0, 0, 1, 2, 0, 0, 0, 0, '\'0\'', '\'0\'', '\'4\'', '↑'),
('427', 'Olasagasti', 20, 'Real Sociedad', 'MC', '188.00', '2.00', 24, 211, 0, 0, 0, 0, 5, 5, 0, 27, 41, 0, 4, 0, 0, 0, 1, 0, 0, 0, 0, '\'4\'', '\'0\'', '\'3\'', '↑'),
('429', 'Diedhiou', 20, 'Granada CF', 'DL', '534.00', '2.00', 16, 81, 0, 1, 1, 0, 2, 4, 3, 5, 35, 0, 3, 0, 0, 0, 1, 0, 1, 0, 0, '\'0\'', '\'2\'', '\'2\'', '↓'),
('43', 'De Paul', 136, 'Atlético de Madrid', 'MC', '15.08', '5.00', 23, 1417, 1, 4, 10, 11, 11, 23, 9, 123, 224, 0, 14, 0, 0, 0, 3, 0, 0, 0, 0, '\'6\'', '\'2\'', '\'9\'', '↑'),
('431', 'Méndez', 20, 'Granada CF', 'DF', '10.36', '4.00', 4, 359, 1, 0, 0, 0, 15, 1, 3, 20, 42, 0, 5, 0, 0, 0, 2, 0, 0, 0, 0, '\'3\'', '\'7\'', '\'2\'', '↑'),
('432', 'Lozano', 19, 'UD Almería', 'DL', '19.99', '6.00', 23, 334, 0, 0, 0, 1, 6, 2, 2, 10, 53, 0, 6, 0, 0, 0, 2, 0, 0, 0, 0, '\'4\'', '\'4\'', '\'4\'', '↑'),
('433', 'Hugo Sotelo', 19, 'RC Celta', 'MC', '204.00', '3.00', 21, 189, 0, 0, 1, 2, 2, 0, 1, 19, 32, 0, 5, 0, 0, 0, 0, 0, 0, 0, 0, '\'2\'', '\'0\'', '\'0\'', '↑'),
('434', 'Trigueros', 18, 'Villarreal CF', 'MC', '6.08', '4.00', 26, 174, 0, 0, 0, 0, 5, 0, 2, 11, 25, 0, 3, 0, 0, 0, 0, 0, 0, 0, 0, '\'2\'', '\'18\'', '\'5\'', '↑'),
('435', 'Petrovic', 18, 'Granada CF', 'MC', '17.72', '5.00', 20, 148, 0, 0, 0, 0, 3, 3, 1, 12, 24, 0, 3, 0, 0, 0, 0, 0, 0, 0, 0, '\'4\'', '\'3\'', '\'1\'', '↓'),
('436', 'González', 18, 'Valencia CF', 'MC', '160.00', '1.00', 17, 40, 0, 1, 1, 4, 0, 0, 0, 4, 10, 0, 1, 0, 0, 0, 0, 0, 0, 0, 0, '\'0\'', '\'0\'', '\'0\'', '↓'),
('438', 'Vitor Roque', 17, 'FC Barcelona', 'DL', '10.25', '3.00', 6, 152, 2, 0, 0, 0, 2, 2, 4, 1, 23, 0, 4, 0, 0, 0, 1, 1, 0, 0, 0, '\'0\'', '\'1\'', '\'3\'', '↓'),
('439', 'Imanol', 16, 'Athletic Club', 'DF', '12.20', '4.00', 25, 304, 0, 0, 0, 5, 6, 3, 0, 29, 39, 0, 5, 0, 0, 0, 1, 0, 0, 0, 0, '\'5\'', '\'1\'', '\'4\'', '↑'),
('44', 'Arribas', 135, 'UD Almería', 'MC', '12.00', '5.00', 25, 1680, 6, 2, 6, 13, 8, 11, 18, 87, 200, 0, 35, 0, 0, 0, 0, 0, 0, 0, 0, '\'2\'', '\'4\'', '\'2\'', '↓'),
('440', 'San Emeterio', 16, 'Cádiz CF', 'MC', '14.07', '4.00', 9, 155, 1, 0, 0, 1, 1, 0, 1, 7, 10, 0, 2, 1, 0, 0, 1, 0, 0, 0, 0, '\'1\'', '\'2\'', '\'0\'', '↓'),
('441', 'Miguel Rodríguez', 16, 'RC Celta', 'DL', '160.00', '1.00', 25, 183, 0, 0, 0, 0, 0, 3, 0, 10, 36, 0, 3, 0, 0, 0, 2, 0, 0, 0, 0, '\'0\'', '\'0\'', '\'0\'', '↓'),
('442', 'Januzaj', 16, 'Sevilla FC', 'MC', '14.36', '4.00', 19, 187, 0, 0, 0, 2, 0, 5, 1, 10, 31, 0, 3, 0, 0, 0, 0, 0, 0, 0, 0, '\'7\'', '\'7\'', '\'6\'', '↑'),
('443', 'Adu Ares', 16, 'Athletic Club', 'DL', '3.77', '3.00', 21, 136, 0, 0, 0, 0, 0, 9, 0, 9, 30, 0, 2, 0, 0, 0, 2, 0, 0, 0, 0, '\'2\'', '\'2\'', '\'1\'', '↓'),
('444', 'Marí', 16, 'Valencia CF', 'DL', '18.90', '6.00', 9, 51, 0, 1, 1, 0, 1, 1, 0, 2, 16, 0, 2, 0, 0, 0, 0, 0, 0, 0, 0, '\'9\'', '\'2\'', '\'0\'', '↓'),
('445', 'Radovanovic', 16, 'UD Almería', 'DF', '789.00', '4.00', 5, 249, 0, 0, 0, 0, 28, 0, 0, 6, 3, 0, 3, 0, 0, 0, 1, 0, 0, 0, 0, '\'6\'', '\'4\'', '\'4\'', '↑'),
('446', 'Denis Suárez', 15, 'Villarreal CF', 'MC', '160.00', '2.00', 5, 130, 0, 0, 1, 2, 4, 5, 0, 10, 25, 0, 5, 0, 0, 0, 0, 0, 0, 0, 0, '\'0\'', '\'0\'', '\'0\'', '↓'),
('447', 'Brian Ocampo', 15, 'Cádiz CF', 'MC', '1.88', '3.00', 12, 130, 0, 0, 0, 3, 0, 3, 1, 18, 50, 0, 2, 0, 0, 0, 1, 0, 0, 0, 0, '\'4\'', '\'4\'', '\'2\'', '↓'),
('448', 'Herrera', 15, 'UD Las Palmas', 'DL', '3.20', '4.00', 26, 150, 1, 0, 0, 0, 2, 1, 1, 9, 18, 0, 4, 0, 0, 0, 1, 0, 0, 0, 0, '\'2\'', '\'16\'', '\'7\'', '↑'),
('450', 'Andrei', 15, 'Rayo Vallecano', 'DF', '5.28', '3.00', 22, 327, 0, 0, 0, 2, 5, 6, 1, 21, 56, 0, 6, 0, 0, 0, 1, 0, 0, 0, 0, '\'4\'', '\'8\'', '\'4\'', '↓'),
('451', 'Jordi Martin', 15, 'Getafe CF', 'DF', '680.00', '3.00', 6, 356, 0, 0, 1, 1, 4, 5, 3, 22, 73, 0, 4, 0, 0, 1, 0, 0, 0, 0, 0, '\'0\'', '\'0\'', '\'2\'', '↓'),
('452', 'Allende', 15, 'RC Celta', 'DL', '160.00', '3.00', 3, 169, 1, 0, 1, 1, 1, 1, 1, 12, 29, 0, 2, 0, 0, 0, 1, 0, 0, 0, 0, '\'0\'', '\'0\'', '\'0\'', '↓'),
('453', 'Zaldua', 14, 'Cádiz CF', 'DF', '12.28', '4.00', 25, 327, 0, 0, 0, 2, 8, 0, 0, 13, 41, 0, 6, 0, 0, 0, 1, 0, 0, 0, 0, '\'5\'', '\'3\'', '\'0\'', '↓'),
('454', 'Centelles', 14, 'UD Almería', 'DF', '15.00', '4.00', 24, 415, 0, 1, 1, 6, 11, 2, 1, 29, 82, 0, 14, 0, 0, 1, 1, 0, 0, 0, 0, '\'2\'', '\'3\'', '\'4\'', '↓'),
('455', 'Heyden', 14, 'RCD Mallorca', 'DF', '165.00', '3.00', 25, 284, 0, 0, 0, 0, 13, 0, 0, 18, 30, 0, 4, 1, 0, 0, 1, 0, 0, 0, 0, '\'0\'', '\'0\'', '\'2\'', '↓'),
('456', 'Raúl García', 14, 'Athletic Club', 'MC', '20.54', '6.00', 26, 169, 0, 0, 0, 0, 5, 1, 1, 10, 34, 0, 1, 0, 0, 0, 3, 0, 0, 0, 0, '\'5\'', '\'3\'', '\'3\'', '↓'),
('457', 'Jordán', 14, 'Sevilla FC', 'MC', '185.00', '2.00', 21, 347, 0, 0, 0, 2, 2, 1, 1, 24, 36, 0, 10, 0, 0, 0, 1, 0, 0, 0, 0, '\'0\'', '\'0\'', '\'0\'', '↓'),
('459', 'Arambarri', 14, 'Getafe CF', 'MC', '12.00', '5.00', 7, 337, 0, 0, 0, 2, 7, 3, 2, 28, 41, 0, 6, 0, 0, 0, 2, 0, 0, 0, 0, '\'2\'', '\'4\'', '\'2\'', '↓'),
('46', 'Greenwood', 133, 'Getafe CF', 'DL', '19.99', '6.00', 21, 1664, 5, 5, 5, 16, 2, 33, 22, 78, 282, 0, 27, 0, 0, 0, 4, 0, 1, 0, 0, '\'4\'', '\'4\'', '\'4\'', '↑'),
('461', 'Juanmi', 14, 'Cádiz CF', 'DL', '5.16', '4.00', 4, 240, 1, 0, 0, 0, 1, 2, 3, 11, 23, 0, 5, 0, 0, 0, 2, 0, 0, 0, 0, '\'3\'', '\'6\'', '\'9\'', '↑'),
('463', 'Marcos Alonso', 13, 'FC Barcelona', 'DF', '8.08', '4.00', 12, 160, 0, 0, 1, 2, 3, 3, 2, 14, 23, 0, 4, 0, 0, 0, 0, 0, 0, 0, 0, '\'4\'', '\'3\'', '\'2\'', '↑'),
('464', 'Bailly', 13, 'Villarreal CF', 'DF', '2.66', '3.00', 5, 360, 0, 0, 0, 0, 19, 5, 0, 25, 22, 0, 8, 0, 0, 0, 2, 0, 0, 0, 1, '\'3\'', '\'3\'', '\'3\'', '↓'),
('465', 'Hongla', 13, 'Granada CF', 'MC', '1.51', '3.00', 4, 247, 0, 0, 0, 0, 6, 0, 0, 21, 24, 0, 5, 0, 0, 0, 0, 0, 0, 0, 0, '\'8\'', '\'5\'', '\'2\'', '↑'),
('466', 'Manquillo', 13, 'RC Celta', 'DF', '15.00', '4.00', 3, 235, 0, 1, 1, 0, 7, 2, 0, 4, 40, 0, 3, 0, 0, 0, 1, 0, 0, 0, 0, '\'2\'', '\'3\'', '\'4\'', '↓'),
('467', 'Mendes', 12, 'UD Almería', 'DF', '9.54', '3.00', 13, 396, 0, 0, 0, 1, 15, 2, 0, 25, 64, 0, 11, 0, 0, 0, 0, 0, 0, 0, 0, '\'6\'', '\'2\'', '\'1\'', '↑'),
('468', 'Angileri', 12, 'Getafe CF', 'DF', '570.00', '3.00', 23, 96, 0, 0, 1, 2, 5, 0, 0, 13, 27, 0, 3, 0, 0, 0, 2, 0, 0, 0, 0, '\'2\'', '\'1\'', '\'2\'', '↓'),
('47', 'Carvajal', 132, 'Real Madrid', 'DF', '16.35', '6.00', 21, 1556, 3, 2, 2, 5, 22, 8, 9, 113, 185, 0, 9, 0, 0, 0, 2, 1, 0, 0, 0, '\'7\'', '\'03\'', '\'0\'', '↓'),
('472', 'Nianzou', 11, 'Sevilla FC', 'DF', '188.00', '2.00', 11, 205, 0, 0, 0, 0, 6, 2, 0, 19, 21, 0, 6, 0, 0, 0, 1, 0, 0, 0, 0, '\'0\'', '\'0\'', '\'1\'', '↑'),
('473', 'Negredo', 11, 'Cádiz CF', 'DL', '0.00', '2.00', 22, 48, 0, 0, 0, 1, 0, 2, 1, 3, 15, 0, 2, 0, 0, 0, 0, 0, 0, 0, 0, '\'2\'', '\'1\'', '\'0\'', '1'),
('474', 'Alti', 11, 'Villarreal CF', 'DF', '1.71', '3.00', 15, 779, 0, 0, 0, 2, 14, 10, 0, 47, 95, 0, 22, 0, 0, 1, 3, 0, 0, 0, 0, '\'3\'', '\'6\'', '\'7\'', '↑'),
('478', 'Marcao', 10, 'Sevilla FC', 'DF', '12.20', '4.00', 10, 309, 0, 0, 1, 0, 7, 1, 0, 18, 24, 0, 7, 0, 0, 0, 2, 0, 0, 0, 0, '\'5\'', '\'1\'', '\'4\'', '↑'),
('479', 'Momo Mbaye', 10, 'Cádiz CF', 'DF', '189.00', '3.00', 22, 286, 0, 0, 0, 0, 27, 0, 1, 15, 38, 0, 5, 0, 0, 1, 2, 0, 0, 0, 0, '\'0\'', '\'0\'', '\'0\'', '↑'),
('48', 'Marcos Llorente', 131, 'Atlético de Madrid', 'MC', '11.11', '4.00', 26, 1691, 6, 3, 8, 10, 20, 9, 13, 83, 209, 0, 22, 0, 0, 0, 3, 0, 0, 0, 0, '\'3\'', '\'18\'', '\'2\'', '↑'),
('481', 'Mfulu', 9, 'UD Las Palmas', 'MC', '160.00', '1.00', 17, 78, 0, 0, 0, 0, 5, 0, 0, 9, 9, 0, 3, 0, 0, 0, 1, 0, 0, 0, 0, '\'0\'', '\'0\'', '\'0\'', '↓'),
('482', 'Kone', 9, 'UD Almería', 'DL', '185.00', '1.00', 7, 163, 0, 0, 0, 0, 4, 1, 1, 5, 25, 0, 10, 0, 0, 0, 0, 0, 0, 0, 0, '\'0\'', '\'0\'', '\'0\'', '↑'),
('483', 'Mariano', 9, 'Sevilla FC', 'DL', '18.90', '6.00', 8, 217, 0, 0, 0, 1, 2, 1, 1, 7, 28, 0, 6, 0, 0, 0, 1, 0, 1, 0, 0, '\'9\'', '\'2\'', '\'0\'', '↓'),
('484', 'Giuliano', 9, 'Deportivo Alavés', 'DL', '19.74', '7.00', 8, 49, 0, 0, 0, 0, 0, 2, 0, 4, 8, 0, 1, 0, 0, 0, 0, 0, 0, 0, 0, '\'3\'', '\'10\'', '\'3\'', '↑'),
('485', 'Arezo', 9, 'Granada CF', 'DL', '19.99', '6.00', 7, 196, 0, 0, 0, 1, 3, 0, 2, 7, 18, 0, 3, 0, 0, 0, 1, 0, 0, 0, 0, '\'4\'', '\'4\'', '\'4\'', '↑'),
('486', 'Odriozola', 8, 'Real Sociedad', 'DF', '3.83', '3.00', 17, 112, 0, 0, 0, 1, 2, 0, 0, 6, 20, 0, 0, 0, 0, 0, 0, 0, 0, 0, 0, '\'0\'', '\'3\'', '\'0\'', '↓'),
('487', 'Lemar', 8, 'Atlético de Madrid', 'MC', '5.06', '4.00', 3, 167, 0, 0, 0, 1, 0, 1, 0, 5, 19, 0, 2, 0, 0, 0, 0, 0, 0, 0, 0, '\'4\'', '\'3\'', '\'4\'', '↓'),
('488', 'Becker', 8, 'Real Sociedad', 'MC', '6.08', '4.00', 3, 98, 0, 0, 0, 1, 0, 0, 2, 8, 21, 0, 1, 0, 0, 0, 0, 0, 0, 0, 0, '\'2\'', '\'18\'', '\'5\'', '↑'),
('489', 'Yellu', 8, 'Getafe CF', 'MC', '17.54', '6.00', 6, 166, 0, 0, 0, 0, 0, 0, 0, 7, 17, 0, 2, 0, 0, 0, 2, 0, 0, 0, 0, '\'5\'', '\'6\'', '\'3\'', '↑'),
('49', 'Álex Baena', 131, 'Villarreal CF', 'MC', '14.36', '4.00', 23, 1751, 1, 8, 11, 47, 6, 13, 19, 99, 336, 0, 34, 1, 0, 0, 8, 0, 0, 0, 0, '\'7\'', '\'7\'', '\'6\'', '↑'),
('490', 'Héctor Fort', 8, 'FC Barcelona', 'DF', '566.00', '2.00', 5, 51, 0, 1, 0, 0, 0, 0, 0, 3, 4, 0, 1, 0, 0, 0, 0, 0, 0, 0, 0, '\'0\'', '\'0\'', '\'2\'', '↓'),
('491', 'Maouassa', 8, 'Granada CF', 'DF', '2.07', '6.00', 3, 173, 0, 1, 1, 4, 2, 1, 0, 7, 37, 0, 4, 0, 0, 0, 0, 0, 0, 0, 0, '\'3\'', '\'6\'', '\'5\'', '↑'),
('492', 'Radonjic', 8, 'RCD Mallorca', 'DL', '2.83', '4.00', 3, 71, 0, 0, 0, 0, 0, 3, 3, 2, 20, 0, 0, 0, 0, 0, 0, 0, 0, 0, 0, '\'04\'', '\'0\'', '\'0\'', '↓'),
('494', 'Manafá', 7, 'Granada CF', 'DF', '5.16', '3.00', 17, 241, 0, 0, 0, 1, 3, 6, 0, 22, 42, 0, 6, 0, 0, 0, 1, 0, 0, 0, 0, '\'3\'', '\'3\'', '\'3\'', '↓'),
('495', 'Nico Paz', 7, 'Real Madrid', 'MC', '208.00', '1.00', 11, 19, 0, 0, 0, 0, 0, 0, 0, 3, 8, 0, 1, 0, 0, 0, 0, 0, 0, 0, 0, '\'0\'', '\'0\'', '\'0\'', '↑'),
('496', 'Bartra', 7, 'Real Betis', 'DF', '9.68', '4.00', 5, 225, 0, 0, 0, 0, 10, 2, 0, 17, 19, 0, 6, 0, 0, 0, 1, 0, 0, 0, 0, '\'7\'', '\'6\'', '\'0\'', '↑'),
('497', 'Marezi', 7, 'UD Almería', 'DL', '19.99', '6.00', 15, 216, 0, 0, 0, 0, 2, 0, 1, 7, 24, 0, 5, 0, 0, 0, 0, 0, 0, 0, 0, '\'4\'', '\'4\'', '\'4\'', '↑'),
('5', 'Sávio', 199, 'Girona FC', 'DL', '19.85', '6.00', 26, 2095, 7, 7, 8, 20, 4, 66, 16, 135, 378, 0, 29, 0, 0, 0, 4, 0, 1, 0, 0, '\'7\'', '\'1\'', '\'3\'', '↓'),
('50', 'Daley Blind', 130, 'Girona FC', 'DF', '14.53', '4.00', 23, 1981, 1, 2, 1, 1, 81, 9, 4, 118, 211, 0, 24, 0, 0, 0, 5, 0, 0, 0, 0, '\'5\'', '\'0\'', '\'0\'', '↓'),
('501', 'Miguel Crespo', 7, 'Rayo Vallecano', 'MC', '198.00', '2.00', 4, 122, 0, 0, 1, 0, 1, 3, 0, 9, 13, 0, 1, 0, 0, 0, 2, 0, 0, 0, 0, '\'3\'', '\'2\'', '\'3\'', '↑'),
('502', 'Bruno Langa', 7, 'UD Almería', 'DF', '518.00', '3.00', 3, 204, 0, 0, 0, 1, 9, 2, 0, 14, 29, 0, 3, 0, 0, 0, 0, 0, 0, 0, 0, '\'3\'', '\'4\'', '\'2\'', '↑'),
('503', 'Arda Güler', 6, 'Real Madrid', 'MC', '8.75', '3.00', 9, 25, 0, 0, 0, 0, 0, 0, 0, 3, 5, 0, 0, 0, 0, 0, 0, 0, 1, 0, 0, '\'4\'', '\'1\'', '\'3\'', '↓'),
('504', 'Curbelo', 5, 'UD Las Palmas', 'DF', '14.99', '5.00', 13, 90, 0, 0, 0, 0, 5, 0, 0, 12, 3, 0, 2, 0, 0, 0, 0, 0, 0, 0, 0, '\'5\'', '\'0\'', '\'0\'', '↑'),
('506', 'Agoumé', 5, 'Sevilla FC', 'MC', '14.09', '4.00', 2, 141, 0, 0, 0, 1, 0, 0, 0, 11, 13, 0, 2, 0, 0, 0, 1, 0, 0, 0, 0, '\'6\'', '\'2\'', '\'4\'', '↑'),
('507', 'Ilaix', 5, 'Getafe CF', 'MC', '179.00', '2.00', 3, 110, 0, 0, 0, 0, 1, 1, 0, 8, 13, 0, 3, 0, 0, 0, 0, 0, 0, 0, 0, '\'0\'', '\'0\'', '\'0\'', '↑'),
('508', 'Mariño', 4, 'UD Almería', 'PO', '4.85', '3.00', 26, 90, 0, 0, 0, 0, 1, 0, 0, 8, 4, 0, 2, 0, 2, 0, 0, 0, 0, 0, 0, '\'8\'', '\'5\'', '\'6\'', '↑'),
('509', 'Vallejo', 4, 'Granada CF', 'DF', '9.34', '4.00', 4, 106, 0, 0, 0, 0, 0, 1, 0, 8, 9, 0, 4, 0, 0, 0, 1, 0, 0, 0, 0, '\'4\'', '\'04\'', '\'0\'', '↓'),
('51', 'Sancet', 130, 'Athletic Club', 'MC', '14.07', '4.00', 25, 1622, 3, 5, 5, 4, 3, 20, 12, 89, 252, 1, 12, 1, 0, 0, 1, 1, 0, 0, 0, '\'1\'', '\'2\'', '\'0\'', '↓'),
('510', 'Bernardo', 4, 'Girona FC', 'DF', '14.49', '4.00', 13, 2, 0, 0, 0, 0, 2, 0, 0, 1, 1, 0, 0, 0, 0, 0, 0, 0, 0, 0, 0, '\'6\'', '\'2\'', '\'5\'', '↑'),
('511', 'Perea', 4, 'Granada CF', 'MC', '17.54', '6.00', 14, 2, 0, 0, 0, 0, 0, 0, 0, 1, 1, 0, 0, 0, 0, 0, 0, 0, 0, 0, 0, '\'5\'', '\'6\'', '\'3\'', '↑'),
('512', 'Jose Mari', 4, 'Cádiz CF', 'MC', '177.00', '1.00', 18, 12, 0, 0, 0, 0, 0, 0, 0, 3, 5, 0, 1, 0, 0, 0, 1, 0, 0, 0, 0, '\'0\'', '\'0\'', '\'0\'', '↑'),
('513', 'Nolaskoain', 4, 'Athletic Club', 'DF', '5.16', '3.00', 14, 8, 0, 0, 0, 0, 1, 0, 0, 1, 3, 0, 0, 0, 0, 0, 0, 0, 0, 0, 0, '\'3\'', '\'3\'', '\'3\'', '↓'),
('515', 'Gozálbez', 4, 'Valencia CF', 'MC', '160.00', '1.00', 21, 54, 0, 0, 0, 0, 1, 0, 0, 4, 9, 0, 1, 0, 0, 0, 0, 0, 0, 0, 0, '\'0\'', '\'0\'', '\'0\'', '↓'),
('516', 'De Zárate', 4, 'Real Sociedad', 'DF', '2.98', '3.00', 22, 131, 0, 0, 0, 0, 4, 0, 0, 10, 19, 0, 2, 0, 0, 0, 1, 0, 0, 0, 0, '\'4\'', '\'4\'', '\'0\'', '↑'),
('517', 'Mario', 4, 'Valencia CF', 'DL', '18.90', '6.00', 5, 14, 0, 0, 0, 0, 0, 0, 1, 0, 2, 0, 1, 0, 0, 0, 0, 0, 0, 0, 0, '\'9\'', '\'2\'', '\'0\'', '↓'),
('518', 'Yarek', 4, 'Valencia CF', 'DF', '9.54', '3.00', 7, 13, 0, 0, 0, 0, 1, 0, 0, 0, 5, 0, 0, 0, 0, 0, 0, 0, 0, 0, 0, '\'6\'', '\'2\'', '\'1\'', '↑'),
('519', 'Piatkowski', 4, 'Granada CF', 'DF', '198.00', '3.00', 3, 111, 0, 0, 0, 0, 3, 0, 2, 8, 8, 0, 1, 1, 0, 0, 0, 0, 0, 0, 0, '\'0\'', '\'0\'', '\'0\'', '↑'),
('52', 'Kounde', 129, 'FC Barcelona', 'DF', '11.29', '3.00', 25, 1881, 1, 2, 3, 8, 58, 12, 5, 120, 202, 0, 28, 0, 0, 0, 0, 0, 0, 0, 0, '\'2\'', '\'0\'', '\'7\'', '↑'),
('522', 'Samassekou', 4, 'Cádiz CF', 'MC', '182.00', '3.00', 2, 26, 0, 0, 0, 0, 0, 0, 0, 5, 2, 0, 1, 0, 0, 0, 0, 0, 0, 0, 0, '\'0\'', '\'3\'', '\'0\'', '↓'),
('523', 'Lemos S', 3, 'UD Las Palmas', 'DF', '9.32', '4.00', 11, 193, 0, 0, 0, 0, 3, 0, 0, 11, 33, 0, 2, 0, 0, 0, 1, 0, 0, 0, 0, '\'3\'', '\'0\'', '\'0\'', '↓'),
('524', 'Sinkgraven', 3, 'UD Las Palmas', 'DF', '160.00', '0.00', 20, 181, 0, 0, 0, 0, 2, 0, 0, 12, 25, 0, 3, 1, 0, 1, 0, 0, 0, 0, 0, '\'0\'', '\'1\'', '\'0\'', '↓'),
('525', 'Marrero', 3, 'Real Sociedad', 'PO', '9.90', '4.00', 22, 141, 0, 0, 0, 0, 0, 0, 0, 10, 17, 0, 3, 0, 3, 0, 0, 0, 0, 0, 0, '\'7\'', '\'4\'', '\'2\'', '↓'),
('526', 'Brasanac', 3, 'C.A. Osasuna', 'MC', '14.36', '4.00', 12, 46, 0, 0, 0, 0, 0, 0, 0, 0, 7, 0, 1, 0, 0, 0, 0, 0, 0, 0, 0, '\'7\'', '\'7\'', '\'6\'', '↑'),
('527', 'Fabio', 3, 'UD Las Palmas', 'MC', '8.09', '5.00', 6, 2, 0, 0, 0, 0, 0, 0, 0, 1, 0, 0, 0, 0, 0, 0, 0, 0, 0, 0, 0, '\'2\'', '\'5\'', '\'4\'', '↑'),
('528', 'Militão', 2, 'Real Madrid', 'DF', '1.25', '4.00', 1, 50, 0, 0, 0, 0, 1, 0, 0, 4, 1, 0, 0, 0, 0, 0, 0, 0, 0, 0, 0, '\'6\'', '\'0\'', '\'3\'', '↑'),
('529', 'Gattoni', 2, 'Sevilla FC', 'DF', '238.00', '2.00', 17, 9, 0, 0, 0, 0, 1, 0, 0, 1, 2, 0, 1, 0, 0, 0, 0, 0, 0, 0, 0, '\'1\'', '\'1\'', '\'3\'', '↓'),
('53', 'Paredes', 129, 'Athletic Club', 'DF', '9.54', '3.00', 27, 1952, 1, 0, 0, 1, 71, 1, 2, 124, 169, 0, 18, 0, 0, 0, 4, 0, 0, 0, 0, '\'6\'', '\'2\'', '\'1\'', '↑'),
('530', 'José Pozo', 2, 'Rayo Vallecano', 'MC', '0.00', '1.00', 21, 8, 0, 0, 0, 0, 0, 0, 0, 0, 2, 0, 0, 0, 0, 0, 0, 0, 0, 0, 0, '\'0\'', '\'0\'', '\'0\'', '1'),
('532', 'Tárrega', 2, 'Valencia CF', 'DF', '1.06', '3.00', 7, 7, 0, 0, 0, 0, 2, 0, 0, 0, 0, 0, 0, 0, 0, 0, 0, 0, 0, 0, 0, '\'0\'', '\'0\'', '\'0\'', '↓'),
('534', 'Karrikaburu', 2, 'Deportivo Alavés', 'DL', '1.99', '2.00', 14, 14, 0, 0, 0, 0, 0, 0, 0, 2, 5, 0, 1, 0, 0, 0, 0, 0, 0, 0, 0, '\'0\'', '\'2\'', '\'0\'', '↑'),
('535', 'Hannibal', 2, 'Sevilla FC', 'MC', '683.00', '2.00', 5, 9, 0, 0, 0, 0, 0, 1, 0, 0, 0, 0, 0, 0, 0, 0, 1, 0, 0, 0, 0, '\'5\'', '\'5\'', '\'2\'', '↑'),
('536', 'Peter', 2, 'Valencia CF', 'MC', '17.54', '6.00', 3, 49, 0, 0, 0, 0, 0, 1, 0, 3, 9, 0, 2, 0, 0, 0, 0, 0, 0, 0, 0, '\'5\'', '\'6\'', '\'3\'', '↑'),
('537', 'Vermeeren', 2, 'Atlético de Madrid', 'MC', '13.24', '5.00', 4, 19, 0, 0, 0, 0, 0, 0, 0, 5, 4, 0, 0, 0, 0, 0, 0, 0, 0, 0, 0, '\'5\'', '\'0\'', '\'2\'', '↑'),
('538', 'Bakambu', 2, 'Real Betis', 'DL', '6.19', '4.00', 1, 24, 0, 0, 0, 0, 0, 0, 0, 0, 6, 0, 0, 0, 0, 0, 0, 0, 0, 0, 0, '\'0\'', '\'0\'', '\'0\'', '↑'),
('539', 'Alejo Véliz', 2, 'Sevilla FC', 'DL', '1.65', '1.00', 2, 19, 0, 0, 0, 0, 0, 0, 1, 0, 2, 0, 1, 0, 0, 0, 0, 0, 0, 0, 0, '\'0\'', '\'1\'', '\'2\'', '↓'),
('54', 'Dani Rodríguez', 129, 'RCD Mallorca', 'MC', '16.61', '6.00', 26, 1897, 2, 4, 7, 46, 16, 22, 6, 121, 345, 0, 27, 0, 0, 0, 6, 0, 0, 0, 0, '\'5\'', '\'1\'', '\'12\'', '↑'),
('540', 'Víctor Díaz', 1, 'Granada CF', 'DF', '194.00', '1.00', 18, 162, 0, 0, 0, 0, 7, 1, 0, 8, 30, 0, 8, 0, 0, 0, 1, 0, 0, 0, 0, '\'0\'', '\'0\'', '\'0\'', '↑'),
('541', 'Marc Guiu', 1, 'FC Barcelona', 'DL', '168.00', '5.00', 9, 1, 0, 0, 0, 0, 0, 0, 0, 0, 0, 0, 0, 0, 0, 0, 0, 0, 0, 0, 0, '\'0\'', '\'0\'', '\'0\'', '↓'),
('542', 'Traore', 1, 'Villarreal CF', 'MC', '9.96', '3.00', 2, 6, 0, 0, 0, 0, 0, 0, 0, 0, 1, 0, 0, 0, 0, 0, 0, 0, 0, 0, 0, '\'0\'', '\'1\'', '\'2\'', '↓'),
('543', 'Courtois', 0, 'Real Madrid', 'PO', '1.67', '0.00', 0, 0, 0, 0, 0, 0, 0, 0, 0, 0, 0, 0, 0, 0, 0, 0, 0, 0, 0, 0, 0, '\'0\'', '\'0\'', '\'0\'', '↑'),
('544', 'Cristian Rivero', 0, 'Valencia CF', 'PO', '174.00', '0.00', 25, 0, 0, 0, 0, 0, 0, 0, 0, 0, 0, 0, 0, 0, 0, 0, 0, 0, 0, 0, 0, '\'0\'', '\'0\'', '\'0\'', '↑'),
('545', 'Jaume Domenech', 0, 'Valencia CF', 'PO', '0.00', '0.00', 25, 0, 0, 0, 0, 0, 0, 0, 0, 0, 0, 0, 0, 0, 0, 0, 0, 0, 0, 0, 0, '\'0\'', '\'0\'', '\'0\'', '1'),
('546', 'Grbić', 0, 'Atlético de Madrid', 'PO', '191.00', '5.00', 18, 0, 0, 0, 0, 0, 0, 0, 0, 0, 0, 0, 0, 0, 0, 0, 0, 0, 0, 0, 0, '\'0\'', '\'0\'', '\'0\'', '↓'),
('547', 'Agirrezabala', 0, 'Athletic Club', 'PO', '2.13', '4.00', 27, 0, 0, 0, 0, 0, 0, 0, 0, 0, 0, 0, 0, 0, 0, 0, 0, 0, 0, 0, 0, '\'0\'', '\'0\'', '\'0\'', '↓'),
('548', 'Greif', 0, 'RCD Mallorca', 'PO', '191.00', '5.00', 27, 0, 0, 0, 0, 0, 0, 0, 0, 0, 0, 0, 0, 0, 0, 0, 0, 0, 0, 0, 0, '\'0\'', '\'0\'', '\'0\'', '↓'),
('549', 'Marchesín', 0, 'RC Celta', 'PO', '175.00', '2.00', 18, 0, 0, 0, 0, 0, 0, 0, 0, 0, 0, 0, 0, 0, 0, 0, 0, 0, 0, 0, 0, '\'0\'', '\'0\'', '\'0\'', '↑'),
('550', 'Fuzato', 0, 'Getafe CF', 'PO', '8.47', '4.00', 26, 0, 0, 0, 0, 0, 0, 0, 0, 0, 0, 0, 0, 0, 0, 0, 0, 0, 0, 0, 0, '\'0\'', '\'3\'', '\'7\'', '↓'),
('551', 'Maras', 0, 'Deportivo Alavés', 'DF', '14.49', '4.00', 20, 0, 0, 0, 0, 0, 0, 0, 0, 0, 0, 0, 0, 0, 0, 0, 0, 0, 0, 0, 0, '\'6\'', '\'2\'', '\'5\'', '↑'),
('552', 'Merquelanz', 0, 'Real Sociedad', 'MC', '11.89', '5.00', 0, 0, 0, 0, 0, 0, 0, 0, 0, 0, 0, 0, 0, 0, 0, 0, 0, 0, 0, 0, 0, '\'4\'', '\'11\'', '\'9\'', '↑'),
('553', 'Toni Villa', 0, 'Girona FC', 'MC', '3.38', '3.00', 0, 0, 0, 0, 0, 0, 0, 0, 0, 0, 0, 0, 0, 0, 0, 0, 0, 0, 0, 0, 0, '\'3\'', '\'0\'', '\'01\'', '↓'),
('554', 'Adri Lopez', 0, 'Granada CF', 'PO', '0.00', '0.00', 20, 0, 0, 0, 0, 0, 0, 0, 0, 0, 0, 0, 0, 0, 0, 0, 0, 0, 0, 0, 0, '\'0\'', '\'0\'', '\'0\'', '1'),
('555', 'Cárdenas', 0, 'Rayo Vallecano', 'PO', '184.00', '0.00', 25, 0, 0, 0, 0, 0, 0, 0, 0, 0, 0, 0, 0, 0, 0, 0, 0, 0, 0, 0, 0, '\'0\'', '\'0\'', '\'0\'', '↓'),
('556', 'Owono', 0, 'Deportivo Alavés', 'PO', '179.00', '0.00', 23, 0, 0, 0, 0, 0, 0, 0, 0, 0, 0, 0, 0, 0, 0, 0, 0, 0, 0, 0, 0, '\'0\'', '\'0\'', '\'0\'', '↓'),
('557', 'Martín', 0, 'Rayo Vallecano', 'DF', '9.68', '4.00', 20, 0, 0, 0, 0, 0, 0, 0, 0, 0, 0, 0, 0, 0, 0, 0, 0, 0, 0, 0, 0, '\'7\'', '\'6\'', '\'0\'', '↑'),
('558', 'Pablo Marín', 0, 'Real Sociedad', 'MC', '13.91', '4.00', 10, 0, 0, 0, 0, 0, 0, 0, 0, 0, 0, 0, 0, 0, 0, 0, 0, 0, 0, 0, 0, '\'4\'', '\'2\'', '\'3\'', '↓'),
('559', 'Joseda', 0, 'Deportivo Alavés', 'DF', '10.24', '4.00', 4, 0, 0, 0, 0, 0, 0, 0, 0, 0, 0, 0, 0, 0, 0, 0, 0, 0, 0, 0, 0, '\'6\'', '\'4\'', '\'6\'', '↑'),
('56', 'Maksimovic', 127, 'Getafe CF', 'MC', '10.38', '4.00', 25, 2209, 3, 0, 1, 1, 46, 4, 12, 144, 170, 0, 36, 0, 0, 1, 3, 0, 0, 0, 0, '\'6\'', '\'12\'', '\'1\'', '↑'),
('560', 'Borja García', 0, 'Girona FC', 'MC', '20.54', '6.00', 7, 0, 0, 0, 0, 0, 0, 0, 0, 0, 0, 0, 0, 0, 0, 0, 0, 0, 0, 0, 0, '\'5\'', '\'3\'', '\'3\'', '↓'),
('561', 'Fuidias', 0, 'Girona FC', 'PO', '207.00', '0.00', 26, 0, 0, 0, 0, 0, 0, 0, 0, 0, 0, 0, 0, 0, 0, 0, 0, 0, 0, 0, 0, '\'0\'', '\'0\'', '\'0\'', '↑'),
('563', 'Matias', 0, 'Sevilla FC', 'PO', '4.85', '3.00', 8, 0, 0, 0, 0, 0, 0, 0, 0, 0, 0, 0, 0, 0, 0, 0, 0, 0, 0, 0, 0, '\'8\'', '\'5\'', '\'6\'', '↑'),
('564', 'Carrillo', 0, 'RC Celta', 'PO', '175.00', '2.00', 8, 0, 0, 0, 0, 0, 0, 0, 0, 0, 0, 0, 0, 0, 0, 0, 0, 0, 0, 0, 0, '\'0\'', '\'0\'', '\'0\'', '↑'),
('565', 'Valencia', 0, 'C.A. Osasuna', 'PO', '16.64', '6.00', 14, 0, 0, 0, 0, 0, 0, 0, 0, 0, 0, 0, 0, 0, 0, 0, 0, 0, 0, 0, 0, '\'6\'', '\'0\'', '\'2\'', '↓'),
('567', 'Selu Diallo', 0, 'Deportivo Alavés', 'MC', '2.17', '3.00', 6, 0, 0, 0, 0, 0, 0, 0, 0, 0, 0, 0, 0, 0, 0, 0, 0, 0, 0, 0, 0, '\'0\'', '\'0\'', '\'1\'', '↓'),
('568', 'Astralaga', 0, 'FC Barcelona', 'PO', '2.13', '4.00', 19, 0, 0, 0, 0, 0, 0, 0, 0, 0, 0, 0, 0, 0, 0, 0, 0, 0, 0, 0, 0, '\'0\'', '\'0\'', '\'0\'', '↓'),
('57', 'Unai Nuñez', 126, 'RC Celta', 'DF', '10.92', '4.00', 26, 2294, 1, 0, 0, 2, 130, 8, 5, 208, 317, 0, 38, 0, 0, 0, 4, 0, 1, 0, 0, '\'1\'', '\'7\'', '\'3\'', '↑'),
('570', 'Gomis', 0, 'Atlético de Madrid', 'PO', '191.00', '5.00', 23, 0, 0, 0, 0, 0, 0, 0, 0, 0, 0, 0, 0, 0, 0, 0, 0, 0, 0, 0, 0, '\'0\'', '\'0\'', '\'0\'', '↓'),
('571', 'Diego Méndez', 0, 'Rayo Vallecano', 'DF', '2.83', '3.00', 10, 0, 0, 0, 0, 0, 0, 0, 0, 0, 0, 0, 0, 0, 0, 0, 0, 0, 0, 0, 0, '\'2\'', '\'1\'', '\'0\'', '↓'),
('573', 'Gorka', 0, 'Getafe CF', 'DF', '9.68', '4.00', 0, 0, 0, 0, 0, 0, 0, 0, 0, 0, 0, 0, 0, 0, 0, 0, 0, 0, 0, 0, 0, '\'7\'', '\'6\'', '\'0\'', '↑'),
('574', 'Casadó', 0, 'FC Barcelona', 'MC', '3.03', '3.00', 11, 0, 0, 0, 0, 0, 0, 0, 0, 0, 0, 0, 0, 0, 0, 0, 0, 0, 0, 0, 0, '\'0\'', '\'3\'', '\'4\'', '↑'),
('575', 'Selvi', 0, 'Girona FC', 'MC', '204.00', '3.00', 1, 0, 0, 0, 0, 0, 0, 0, 0, 0, 0, 0, 0, 0, 0, 0, 0, 0, 0, 0, 0, '\'2\'', '\'0\'', '\'0\'', '↑'),
('576', 'Manu Bueno', 0, 'Sevilla FC', 'MC', '11.89', '5.00', 6, 2, 0, 0, 0, 0, 0, 0, 0, 2, 4, 0, 0, 0, 0, 0, 1, 0, 0, 0, 0, '\'4\'', '\'11\'', '\'9\'', '↑'),
('577', 'Gagua', 0, 'Deportivo Alavés', 'DL', '858.00', '3.00', 0, 0, 0, 0, 0, 0, 0, 0, 0, 0, 0, 0, 0, 0, 0, 0, 0, 0, 0, 0, 0, '\'0\'', '\'0\'', '\'2\'', '↓'),
('578', 'Almena', 0, 'Girona FC', 'MC', '14.36', '4.00', 2, 0, 0, 0, 0, 0, 0, 0, 0, 0, 0, 0, 0, 0, 0, 0, 0, 0, 0, 0, 0, '\'7\'', '\'7\'', '\'6\'', '↑'),
('579', 'Santi', 0, 'Getafe CF', 'MC', '14.07', '4.00', 0, 0, 0, 0, 0, 0, 0, 0, 0, 0, 0, 0, 0, 0, 0, 0, 0, 0, 0, 0, 0, '\'1\'', '\'2\'', '\'0\'', '↓'),
('58', 'Iván Martín', 126, 'Girona FC', 'MC', '13.91', '4.00', 26, 1824, 4, 2, 1, 1, 11, 20, 8, 97, 171, 0, 26, 0, 0, 1, 3, 0, 0, 0, 0, '\'4\'', '\'2\'', '\'3\'', '↓'),
('580', 'De La Rosa', 0, 'Cádiz CF', 'DL', '1.02', '3.00', 0, 0, 0, 0, 0, 0, 0, 0, 0, 0, 0, 0, 0, 0, 0, 0, 0, 0, 0, 0, 0, '\'0\'', '\'1\'', '\'0\'', '↓'),
('583', 'Kostis', 0, 'Atlético de Madrid', 'DF', '657.00', '2.00', 5, 0, 0, 0, 0, 0, 0, 0, 0, 0, 0, 0, 0, 0, 0, 0, 0, 0, 0, 0, 0, '\'4\'', '\'2\'', '\'0\'', '↓'),
('584', 'Iranzo', 0, 'Valencia CF', 'DF', '15.10', '5.00', 10, 0, 0, 0, 0, 0, 0, 0, 0, 0, 0, 0, 0, 0, 0, 0, 0, 0, 0, 0, 0, '\'0\'', '\'5\'', '\'5\'', '↑'),
('585', 'Ander', 0, 'Deportivo Alavés', 'MC', '15.04', '5.00', 0, 0, 0, 0, 0, 0, 0, 0, 0, 0, 0, 0, 0, 0, 0, 0, 0, 0, 0, 0, 0, '\'2\'', '\'5\'', '\'5\'', '↑'),
('586', 'Quintanilla', 0, 'RCD Mallorca', 'MC', '9.90', '4.00', 4, 0, 0, 0, 0, 0, 0, 0, 0, 0, 0, 0, 0, 0, 0, 0, 0, 0, 0, 0, 0, '\'5\'', '\'4\'', '\'5\'', '↑'),
('587', 'Martín Tejón', 0, 'Valencia CF', 'MC', '13.91', '4.00', 0, 0, 0, 0, 0, 0, 0, 0, 0, 0, 0, 0, 0, 0, 0, 0, 0, 0, 0, 0, 0, '\'4\'', '\'2\'', '\'3\'', '↓'),
('588', 'Guilherme Fernandes', 0, 'Real Betis', 'PO', '160.00', '2.00', 6, 0, 0, 0, 0, 0, 0, 0, 0, 0, 0, 0, 0, 0, 0, 0, 0, 0, 0, 0, 0, '\'0\'', '\'0\'', '\'0\'', '↓'),
('589', 'Piñeiro', 0, 'Real Madrid', 'PO', '10.12', '4.00', 12, 0, 0, 0, 0, 0, 0, 0, 0, 0, 0, 0, 0, 0, 0, 0, 0, 0, 0, 0, 0, '\'3\'', '\'2\'', '\'2\'', '↓'),
('59', 'Mikel Merino', 125, 'Real Sociedad', 'MC', '11.89', '5.00', 23, 1585, 3, 3, 4, 4, 38, 16, 7, 138, 285, 0, 15, 0, 0, 1, 6, 0, 0, 0, 0, '\'4\'', '\'11\'', '\'9\'', '↑'),
('591', 'Cuellar', 0, 'RCD Mallorca', 'PO', '204.00', '3.00', 20, 0, 0, 0, 0, 0, 0, 0, 0, 0, 0, 0, 0, 0, 0, 0, 0, 0, 0, 0, 0, '\'0\'', '\'0\'', '\'0\'', '↑'),
('593', 'Gaizka', 0, 'Deportivo Alavés', 'PO', '11.42', '4.00', 0, 0, 0, 0, 0, 0, 0, 0, 0, 0, 0, 0, 0, 0, 0, 0, 0, 0, 0, 0, 0, '\'5\'', '\'0\'', '\'2\'', '↓'),
('594', 'Mario González', 0, 'Granada CF', 'MC', '160.00', '1.00', 0, 0, 0, 0, 0, 0, 0, 0, 0, 0, 0, 0, 0, 0, 0, 0, 0, 0, 0, 0, 0, '\'0\'', '\'0\'', '\'0\'', '↓'),
('595', 'Luna', 0, 'RCD Mallorca', 'MC', '15.01', '5.00', 12, 0, 0, 0, 0, 0, 0, 0, 0, 0, 0, 0, 0, 0, 0, 0, 0, 0, 0, 0, 0, '\'4\'', '\'6\'', '\'3\'', '↓'),
('596', 'Marciano', 0, 'UD Almería', 'DL', '18.90', '6.00', 0, 0, 0, 0, 0, 0, 0, 0, 0, 0, 0, 0, 0, 0, 0, 0, 0, 0, 0, 0, 0, '\'9\'', '\'2\'', '\'0\'', '↓'),
('597', 'Moldovan', 0, 'Atlético de Madrid', 'PO', '190.00', '0.00', 5, 0, 0, 0, 0, 0, 0, 0, 0, 0, 0, 0, 0, 0, 0, 0, 0, 0, 0, 0, 0, '\'0\'', '\'0\'', '\'0\'', '↑'),
('598', 'Marc Martinez', 0, 'Granada CF', 'PO', '175.00', '2.00', 3, 0, 0, 0, 0, 0, 0, 0, 0, 0, 0, 0, 0, 0, 0, 0, 0, 0, 0, 0, 0, '\'0\'', '\'0\'', '\'0\'', '↑'),
('599', 'Ousou', 0, 'Cádiz CF', 'DF', '161.00', '2.00', 3, 0, 0, 0, 0, 0, 0, 0, 0, 0, 0, 0, 0, 0, 0, 0, 0, 0, 0, 0, 0, '\'0\'', '\'0\'', '\'0\'', '↓'),
('6', 'Isco', 190, 'Real Betis', 'MC', '19.54', '7.00', 22, 1855, 6, 3, 11, 44, 6, 50, 23, 104, 393, 0, 22, 0, 0, 0, 7, 0, 0, 0, 0, '\'0\'', '\'0\'', '\'0\'', '↓'),
('60', 'Diego López', 125, 'Valencia CF', 'DL', '5.57', '4.00', 23, 1679, 3, 5, 8, 9, 7, 19, 10, 89, 282, 0, 21, 0, 0, 0, 2, 0, 1, 0, 0, '\'6\'', '\'0\'', '\'0\'', '↓'),
('600', 'Corbeanu', 0, 'Granada CF', 'DL', '19.99', '6.00', 2, 0, 0, 0, 0, 0, 0, 0, 0, 0, 0, 0, 0, 0, 0, 0, 0, 0, 0, 0, 0, '\'4\'', '\'4\'', '\'4\'', '↑'),
('61', 'Joao Cancelo', 125, 'FC Barcelona', 'DF', '15.00', '4.00', 21, 1666, 2, 3, 9, 11, 25, 41, 6, 143, 316, 0, 24, 0, 0, 0, 4, 0, 0, 0, 0, '\'2\'', '\'3\'', '\'4\'', '↓'),
('62', 'Brais Méndez', 124, 'Real Sociedad', 'MC', '15.04', '5.00', 24, 1864, 3, 3, 6, 27, 14, 17, 13, 107, 317, 0, 23, 0, 0, 0, 6, 0, 1, 0, 0, '\'2\'', '\'5\'', '\'5\'', '↑'),
('63', 'Witsel', 123, 'Atlético de Madrid', 'DF', '9.75', '4.00', 25, 1952, 1, 0, 1, 1, 80, 3, 3, 120, 123, 0, 23, 0, 0, 0, 3, 0, 0, 0, 0, '\'1\'', '\'3\'', '\'1\'', '↓'),
('64', 'David García', 121, 'C.A. Osasuna', 'DF', '9.68', '4.00', 25, 2136, 0, 1, 1, 0, 110, 2, 2, 139, 208, 0, 34, 0, 0, 1, 5, 0, 0, 0, 0, '\'7\'', '\'6\'', '\'0\'', '↑'),
('65', 'Darder', 121, 'RCD Mallorca', 'MC', '20.26', '5.00', 25, 1536, 0, 3, 7, 38, 7, 22, 5, 107, 264, 0, 23, 0, 0, 0, 3, 0, 0, 0, 0, '\'5\'', '\'7\'', '\'5\'', '↑'),
('66', 'Zubeldia', 120, 'Real Sociedad', 'DF', '12.28', '4.00', 25, 1988, 0, 2, 0, 1, 83, 4, 0, 151, 228, 0, 21, 0, 0, 0, 9, 0, 0, 0, 0, '\'5\'', '\'3\'', '\'0\'', '↓'),
('67', 'Rüdiger', 119, 'Real Madrid', 'DF', '14.84', '4.00', 22, 1885, 1, 0, 2, 2, 55, 1, 1, 98, 137, 0, 13, 0, 0, 0, 7, 0, 0, 0, 0, '\'0\'', '\'0\'', '\'4\'', '↑'),
('68', 'Cardona', 119, 'UD Las Palmas', 'DF', '16.35', '6.00', 25, 2077, 0, 2, 4, 9, 70, 10, 2, 181, 371, 0, 23, 0, 0, 0, 7, 0, 0, 0, 0, '\'7\'', '\'03\'', '\'0\'', '↓'),
('69', 'Joselu', 119, 'Real Madrid', 'DL', '9.80', '4.00', 25, 1165, 8, 2, 3, 1, 7, 6, 24, 34, 105, 2, 6, 0, 0, 0, 0, 0, 0, 0, 0, '\'2\'', '\'10\'', '\'0\'', '↓'),
('7', 'Valverde', 188, 'Real Madrid', 'MC', '20.26', '5.00', 26, 2119, 1, 4, 6, 6, 17, 16, 14, 165, 205, 0, 12, 0, 0, 0, 1, 0, 0, 0, 0, '\'5\'', '\'7\'', '\'5\'', '↑'),
('70', 'Samuel Lino', 119, 'Atlético de Madrid', 'MC', '15.01', '5.00', 24, 1264, 3, 2, 6, 5, 12, 19, 13, 99, 205, 0, 11, 0, 0, 0, 1, 0, 1, 0, 0, '\'4\'', '\'6\'', '\'3\'', '↓'),
('71', 'Lamine Yamal', 119, 'FC Barcelona', 'DL', '14.30', '5.00', 24, 1237, 3, 3, 7, 15, 7, 39, 14, 69, 200, 0, 23, 0, 0, 0, 2, 0, 1, 0, 0, '\'16\'', '\'9\'', '\'0\'', '↑'),
('72', 'Rui Silva', 118, 'Real Betis', 'PO', '7.27', '4.00', 23, 1485, 0, 0, 0, 0, 12, 1, 0, 150, 182, 0, 17, 0, 47, 1, 3, 0, 0, 0, 0, '\'6\'', '\'8\'', '\'5\'', '↑'),
('73', 'Yan Couto', 118, 'Girona FC', 'DF', '14.99', '5.00', 25, 1606, 1, 7, 6, 15, 16, 33, 7, 106, 291, 0, 22, 0, 0, 1, 6, 0, 1, 0, 0, '\'5\'', '\'0\'', '\'0\'', '↑'),
('74', 'Modric', 118, 'Real Madrid', 'MC', '11.89', '5.00', 25, 1032, 2, 4, 7, 12, 5, 10, 8, 69, 166, 0, 9, 0, 0, 0, 1, 0, 0, 0, 0, '\'4\'', '\'11\'', '\'9\'', '↑'),
('75', 'Ocampos', 118, 'Sevilla FC', 'DL', '8.69', '4.00', 25, 1989, 3, 2, 6, 19, 14, 37, 20, 122, 464, 0, 33, 0, 0, 0, 5, 0, 0, 0, 0, '\'2\'', '\'1\'', '\'3\'', '↓'),
('76', 'Fran Pérez', 117, 'Valencia CF', 'MC', '2.45', '3.00', 25, 1645, 1, 3, 4, 5, 3, 33, 2, 98, 248, 0, 14, 0, 0, 0, 4, 0, 0, 0, 0, '\'2\'', '\'2\'', '\'3\'', '↓'),
('77', 'Maximiano', 117, 'UD Almería', 'PO', '4.85', '3.00', 25, 2070, 0, 0, 0, 0, 18, 3, 0, 202, 309, 0, 45, 0, 73, 1, 1, 0, 0, 1, 0, '\'8\'', '\'5\'', '\'6\'', '↑'),
('78', 'Vivian', 116, 'Athletic Club', 'DF', '10.71', '4.00', 26, 2139, 0, 0, 1, 0, 75, 3, 3, 185, 226, 0, 26, 0, 0, 0, 5, 0, 0, 0, 0, '\'0\'', '\'8\'', '\'3\'', '↑'),
('79', 'Tchouaméni', 116, 'Real Madrid', 'MC', '14.09', '4.00', 20, 1439, 2, 1, 1, 4, 32, 5, 4, 90, 124, 0, 7, 0, 0, 0, 5, 0, 0, 0, 0, '\'6\'', '\'2\'', '\'4\'', '↑'),
('8', 'Gazzaniga', 183, 'Girona FC', 'PO', '11.42', '4.00', 26, 2340, 0, 0, 1, 0, 9, 3, 0, 205, 222, 0, 32, 0, 89, 0, 2, 0, 0, 0, 0, '\'5\'', '\'0\'', '\'2\'', '↓'),
('80', 'Raphinha', 116, 'FC Barcelona', 'DL', '11.62', '4.00', 18, 794, 4, 6, 7, 23, 5, 15, 19, 55, 153, 0, 10, 1, 0, 0, 2, 0, 0, 0, 0, '\'3\'', '\'3\'', '\'12\'', '↑'),
('81', 'Brahim', 115, 'Real Madrid', 'MC', '160.00', '2.00', 26, 907, 4, 1, 6, 11, 1, 26, 10, 47, 151, 0, 4, 0, 0, 0, 0, 0, 0, 0, 0, '\'0\'', '\'2\'', '\'0\'', '↓'),
('82', 'Joao Félix', 115, 'FC Barcelona', 'DL', '12.87', '5.00', 21, 1137, 5, 2, 5, 2, 6, 21, 22, 61, 184, 0, 14, 0, 0, 0, 3, 0, 0, 0, 0, '\'0\'', '\'0\'', '\'10\'', '↑'),
('83', 'Sorloth', 115, 'Villarreal CF', 'DL', '11.55', '5.00', 23, 1490, 9, 4, 3, 0, 21, 21, 19, 38, 216, 0, 30, 0, 0, 0, 3, 0, 1, 0, 0, '\'5\'', '\'0\'', '\'9\'', '↑'),
('84', 'Bryan', 115, 'Granada CF', 'MC', '14.36', '4.00', 21, 1640, 6, 2, 6, 27, 1, 49, 21, 61, 339, 0, 37, 0, 0, 0, 5, 0, 1, 0, 0, '\'7\'', '\'7\'', '\'6\'', '↑'),
('85', 'De Jong', 114, 'FC Barcelona', 'MC', '19.29', '6.00', 18, 1566, 2, 0, 4, 10, 25, 16, 5, 131, 168, 0, 24, 0, 0, 0, 7, 0, 0, 0, 0, '\'2\'', '\'4\'', '\'13\'', '↑'),
('86', 'Berenguer', 114, 'Athletic Club', 'DL', '0.00', '2.00', 25, 993, 6, 2, 5, 34, 6, 13, 10, 48, 227, 0, 12, 0, 0, 0, 3, 0, 0, 0, 0, '\'0\'', '\'0\'', '\'0\'', '1'),
('87', 'Álvaro García', 114, 'Rayo Vallecano', 'DL', '858.00', '3.00', 23, 1890, 6, 1, 4, 22, 21, 6, 13, 101, 288, 0, 30, 0, 0, 0, 6, 1, 1, 0, 0, '\'0\'', '\'0\'', '\'2\'', '↓'),
('88', 'Yuri', 113, 'Athletic Club', 'DF', '2.88', '5.00', 21, 1425, 3, 1, 2, 9, 39, 6, 4, 109, 206, 0, 11, 0, 0, 0, 3, 0, 0, 0, 1, '\'5\'', '\'5\'', '\'8\'', '↑'),
('89', 'Lejeune', 113, 'Rayo Vallecano', 'DF', '10.07', '4.00', 26, 2338, 0, 1, 0, 0, 113, 3, 10, 142, 279, 0, 36, 0, 0, 0, 4, 0, 0, 0, 1, '\'2\'', '\'2\'', '\'5\'', '↑'),
('9', 'Iñaki Williams', 179, 'Athletic Club', 'DL', '19.74', '7.00', 24, 1966, 9, 3, 7, 14, 19, 36, 36, 103, 373, 0, 20, 0, 0, 0, 3, 0, 0, 0, 0, '\'3\'', '\'10\'', '\'3\'', '↑'),
('91', 'Yangel Herrera', 112, 'Girona FC', 'MC', '13.24', '5.00', 21, 1523, 4, 0, 2, 6, 33, 15, 13, 111, 179, 0, 18, 0, 0, 0, 5, 0, 1, 0, 0, '\'5\'', '\'0\'', '\'2\'', '↑'),
('92', 'Willian José', 112, 'Real Betis', 'DL', '19.74', '7.00', 23, 1252, 7, 3, 2, 1, 13, 3, 17, 27, 117, 0, 15, 1, 0, 0, 0, 0, 0, 0, 0, '\'3\'', '\'10\'', '\'3\'', '↑'),
('93', 'Lunin', 111, 'Real Madrid', 'PO', '6.96', '5.00', 26, 1260, 0, 0, 0, 0, 15, 0, 0, 89, 48, 0, 7, 0, 30, 0, 1, 0, 0, 0, 0, '\'5\'', '\'4\'', '\'7\'', '↑'),
('94', 'Ter Stegen', 110, 'FC Barcelona', 'PO', '9.24', '4.00', 16, 1440, 0, 0, 0, 0, 10, 0, 0, 104, 54, 0, 17, 0, 41, 0, 2, 0, 0, 0, 0, '\'2\'', '\'2\'', '\'4\'', '↑'),
('95', 'Ayoze Pérez', 110, 'Real Betis', 'DL', '7.16', '5.00', 20, 1470, 4, 1, 4, 0, 7, 30, 16, 103, 210, 0, 17, 0, 0, 0, 3, 0, 0, 0, 0, '\'0\'', '\'0\'', '\'0\'', '↓'),
('97', 'Guridi', 109, 'Deportivo Alavés', 'MC', '16.16', '5.00', 25, 1909, 0, 4, 5, 3, 15, 10, 3, 113, 205, 0, 24, 0, 0, 0, 1, 0, 0, 0, 0, '\'3\'', '\'4\'', '\'4\'', '↓'),
('98', 'Robertone', 109, 'UD Almería', 'MC', '9.34', '4.00', 22, 1595, 0, 5, 5, 17, 26, 6, 10, 142, 235, 0, 28, 0, 0, 0, 8, 0, 0, 0, 0, '\'3\'', '\'4\'', '\'3\'', '↑'),
('99', 'Samu Costa', 109, 'RCD Mallorca', 'MC', '6.77', '4.00', 27, 1780, 1, 1, 0, 5, 48, 12, 4, 158, 258, 0, 24, 0, 0, 1, 4, 0, 0, 0, 0, '\'2\'', '\'2\'', '\'0\'', '↓');

-- --------------------------------------------------------

--
-- Estructura de tabla para la tabla `lesiones`
--

CREATE TABLE `lesiones` (
  `Equipo` varchar(50) DEFAULT NULL,
  `Jugador` varchar(50) DEFAULT NULL,
  `Lesion` text DEFAULT NULL
) ENGINE=InnoDB DEFAULT CHARSET=utf8mb4;

--
-- Volcado de datos para la tabla `lesiones`
--

INSERT INTO `lesiones` (`Equipo`, `Jugador`, `Lesion`) VALUES
('Equipo', 'Jugador', 'Lesion'),
('Deportivo Alavés', 'Aleksandar Sedlar', 'Rotura del ligamento cruzado con rotura parcial del menisco interno'),
('UD Almería', 'César Montes', 'Golpe en la rodilla'),
('UD Almería', 'Arnau Puigmal', 'Lesión en la parte posterior del muslo derecho'),
('UD Almería', 'Ibrahima Koné', 'Fractura en el tobillo derecho'),
('Athletic Club', 'Ruiz de Galarreta', 'Molestias musculares'),
('Athletic Club', 'Dani García', 'Recuperación de lesión muscular en el recto femoral de su pierna derecha'),
('Athletic Club', 'Vesga', 'Molestias en la musculatura isquiosural de su pierna izquierda'),
('Athletic Club', 'de Marcos', 'Lesión en el recto femoral de su pierna izquierda'),
('Atlético de Madrid', 'Lemar', 'Rotura del tendón de Aquiles derecho'),
('Atlético de Madrid', 'Azpilicueta', 'Rotura del menisco externo'),
('FC Barcelona', 'Raphinha', 'Lesión muscular en el bíceps femoral del muslo izquierdo'),
('FC Barcelona', 'Gavi', 'Rotura completa del ligamento cruzado anterior de la rodilla derecha y lesión asociada al menisco externo'),
('FC Barcelona', 'Ter Stegen', 'Problemas lumbares'),
('FC Barcelona', 'Iñigo Martínez', 'Lesión en el bíceps femoral de la pierna izquierda'),
('FC Barcelona', 'Marcos Alonso', 'Operación de lumbalgia'),
('Real Betis', 'Juan Miranda', 'Pinchazo en el gemelo'),
('Real Betis', 'Carvalho', 'Molestia en los isquiotibiales'),
('Real Betis', 'Ayoze Pérez', 'Esguince de ligamentos y sindesmosis anterolateral en el tobillo derecho.'),
('Real Betis', 'Sabaly', 'Esguince grado II del ligamento lateral interno de la rodilla derecha'),
('Real Betis', 'Bravo', 'Recuperación de lesión miotendinosa proximal de la musculatura isquiotibial izquierda'),
('Real Betis', 'Ruibal', 'Edema en compartimento externo de la rodilla derecha asociado a una lesión meniscal externa'),
('Real Betis', 'Guido Rodríguez', 'Fractura distal del peroné de su pierna derecha'),
('Real Betis', 'Bartra', 'lesión parcial en el tendón de Aquiles'),
('Cádiz CF', 'Roger', 'Fractura en el peroné y afectación de los ligamentos internos del tobillo'),
('Cádiz CF', 'San Emeterio', 'Rotura del ligamento cruzado'),
('Cádiz CF', 'Luis Hernández', 'Lesión en la rodilla'),
('Cádiz CF', 'Javi Hernández', 'Lesión en el sóleo'),
('Cádiz CF', 'Darwin Machís', 'Rotura en los isquiotibiales'),
('RC Celta', 'Strand Larsen', 'Golpe'),
('RC Celta', 'Franco Cervi', 'Rotura fibrilar bíceps femoral izquierdo'),
('RC Celta', 'Aidoo', 'Rotura del tendón de Aquiles izquierdo'),
('Getafe', 'Arambarri', 'Rotura parcial del menisco externo y ligamento cruzado anterior'),
('Girona FC', 'Juanpe', 'Lesión en el sóleo'),
('Girona FC', 'David López', 'Lesión en el músculo tibial de la pierna derecha'),
('Girona FC', 'Joel Roca', 'Rotura de ligamentro cruzado y menisco'),
('Girona FC', 'Toni Villa', 'Lesión de ligamento cruzado anterior'),
('Granada CF', 'Jesús Vallejo', 'Molestias sin determinar'),
('Granada CF', 'Kamil Piatkowski', 'Molestias musculares'),
('Granada CF', 'Raúl Fernández', 'Lumbalgia'),
('UD Las Palmas', 'Daley Sinkgraven', 'Esguince de tobillo'),
('UD Las Palmas', 'Álvaro Lemos', 'Lesión en el tobillo'),
('UD Las Palmas', 'Eric Curbelo', 'Molestias físicas'),
('RCD Mallorca', 'Cuéllar', 'Molestias en la rodilla'),
('RCD Mallorca', 'Maffeo', 'Lesión en el menisco interno de la rodilla derecha'),
('C.A. Osasuna', 'Chimy Ávila', 'Molestias en el gemelo'),
('Rayo Vallecano', 'Kike Pérez', 'Lesión muscular'),
('Real Madrid', 'Courtois', 'Rotura del ligamento cruzado anterior de la rodilla izquierda'),
('Real Madrid', 'Militão', 'Rotura del ligamento cruzado de la rodilla derecha'),
('Real Madrid', 'David Alaba', 'Rotura del ligamento cruzado anterior de la rodilla izquierda'),
('Real Sociedad', 'Zubimendi', 'Molestias físicas'),
('Real Sociedad', 'Carlos Fernández', 'Molestias en la rodilla'),
('Real Sociedad', 'Barrenetxea', 'Molestias sin determinar'),
('Real Sociedad', 'Aihen Muñoz', 'Rotura de ligamento cruzado anterior'),
('Real Sociedad', 'Merquelanz', 'Lesión osteocondral de la rodilla izquierda'),
('Real Sociedad', 'Odriozola', 'Rotura fibrilar'),
('Sevilla FC', 'Loïc Badé', 'Sobrecarga muscular'),
('Sevilla FC', 'Acuña', 'Lesión de bajo grado en el muslo derecho'),
('Sevilla FC', 'Dodi Lukébakio', 'Esguince de alto grado en el ligamento lateral interno de la rodilla derecha'),
('Sevilla FC', 'Gudelj', 'Rotura de menisco externo en su rodilla izquierda'),
('Sevilla FC', 'Kike Salas', 'Lesión miotendinosa en el isquiotibial derecho'),
('Valencia CF', 'Alberto Mari', 'Molestias en el muslo'),
('Valencia CF', 'Sergi Canós', 'Lesión de la parte posterior del muslo izquierdo'),
('Valencia CF', 'André Almeida', 'Fractura con desplazamiento en una vértebra'),
('Villarreal CF', 'Albiol', 'Lesión muscular'),
('Villarreal CF', 'Pedraza', 'Esguince del tobillo derecho asociado a daño condral en articulación tibioastragalina'),
('Villarreal CF', 'Ramón Terrats', 'Rotura en el menisco exterior'),
('Villarreal CF', 'Foyth', 'Intervención quirúrgica en el hombro derecho'),
('Villarreal CF', 'Denis Suárez', 'Rotura muscular con afectación del recto femoral de la pierna izquierda.'),
('Villarreal CF', 'Parejo', 'Esguince del ligamento colateral interno de la rodilla derecha'),
('Villarreal CF', 'Yéremy Pino', 'Rotura del ligamento cruzado anterior');

-- --------------------------------------------------------

--
-- Estructura de tabla para la tabla `plantilla`
--

CREATE TABLE `plantilla` (
  `id_plantilla` int(11) NOT NULL,
  `id_usuario` int(11) DEFAULT NULL,
  `id_jugador` varchar(255) DEFAULT NULL,
  `tipo_alineacion` varchar(10) DEFAULT NULL
) ENGINE=InnoDB DEFAULT CHARSET=utf8mb4;

--
-- Volcado de datos para la tabla `plantilla`
--

INSERT INTO `plantilla` (`id_plantilla`, `id_usuario`, `id_jugador`, `tipo_alineacion`) VALUES
(1, 1, '1', '4-4-2'),
(2, 1, '104', '4-4-2'),
(3, 1, '108', '4-4-2'),
(4, 1, '105', '4-4-2'),
(5, 1, '112', '4-4-2'),
(6, 1, '261', '4-4-2'),
(7, 1, '25', '4-4-2'),
(8, 1, '157', '4-4-2'),
(9, 1, '141', '4-4-2'),
(10, 1, '111', '4-4-2'),
(11, 1, '23', '4-4-2'),
(12, 2, '1', '4-4-2'),
(13, 2, '10', '4-4-2'),
(14, 2, '100', '4-4-2'),
(15, 2, '102', '4-4-2'),
(16, 2, '104', '4-4-2'),
(17, 2, '108', '4-4-2'),
(18, 2, '113', '4-4-2'),
(19, 2, '129', '4-4-2'),
(20, 2, '183', '4-4-2'),
(21, 2, '258', '4-4-2'),
(22, 2, '34', '4-4-2');

-- --------------------------------------------------------

--
-- Estructura de tabla para la tabla `usuarios`
--

CREATE TABLE `usuarios` (
  `id_usuario` int(11) NOT NULL,
  `user` varchar(255) DEFAULT NULL,
  `password` varchar(255) DEFAULT NULL,
  `email` varchar(255) DEFAULT NULL
) ENGINE=InnoDB DEFAULT CHARSET=utf8mb4;

--
-- Volcado de datos para la tabla `usuarios`
--

INSERT INTO `usuarios` (`id_usuario`, `user`, `password`, `email`) VALUES
(1, 'user1', 'password1', 'user1@gmail.com'),
(2, 'user2', 'password2', 'user2@gmail.com');

--
-- Índices para tablas volcadas
--

--
-- Indices de la tabla `jugadores`
--
ALTER TABLE `jugadores`
  ADD PRIMARY KEY (`id_jugador`);

--
-- Indices de la tabla `plantilla`
--
ALTER TABLE `plantilla`
  ADD PRIMARY KEY (`id_plantilla`),
  ADD KEY `id_usuario` (`id_usuario`),
  ADD KEY `id_jugador` (`id_jugador`);

--
-- Indices de la tabla `usuarios`
--
ALTER TABLE `usuarios`
  ADD PRIMARY KEY (`id_usuario`);

--
-- AUTO_INCREMENT de las tablas volcadas
--

--
-- AUTO_INCREMENT de la tabla `plantilla`
--
ALTER TABLE `plantilla`
  MODIFY `id_plantilla` int(11) NOT NULL AUTO_INCREMENT, AUTO_INCREMENT=23;

--
-- AUTO_INCREMENT de la tabla `usuarios`
--
ALTER TABLE `usuarios`
  MODIFY `id_usuario` int(11) NOT NULL AUTO_INCREMENT, AUTO_INCREMENT=3;

--
-- Restricciones para tablas volcadas
--

--
-- Filtros para la tabla `plantilla`
--
ALTER TABLE `plantilla`
  ADD CONSTRAINT `plantilla_ibfk_1` FOREIGN KEY (`id_usuario`) REFERENCES `usuarios` (`id_usuario`),
  ADD CONSTRAINT `plantilla_ibfk_2` FOREIGN KEY (`id_jugador`) REFERENCES `jugadores` (`id_jugador`);
COMMIT;

/*!40101 SET CHARACTER_SET_CLIENT=@OLD_CHARACTER_SET_CLIENT */;
/*!40101 SET CHARACTER_SET_RESULTS=@OLD_CHARACTER_SET_RESULTS */;
/*!40101 SET COLLATION_CONNECTION=@OLD_COLLATION_CONNECTION */;
